Crash Id,Calendar Year,FDOT Crash Number,Reporting Agency Case Number,Reporting Agency Type,FDOT Managing District,County Name,Crash Date,Crash Time,Day,DHSMV City,Crash Report City Code,In Town,On Roadway Name,Int Roadway Name,Reference Distance (Miles),Reference Direction,Officer Latitude,Officer Longitude,FDOT Latitude,FDOT Longitude,FDOT Roadway,Nearest Inventory MP,Nearest Node From Crash,State Road #,US Highway,Crash Side of Road,Accident Lane Number,Travel Direction Vehicle 1,FDOT Road Category,DHSMV Road System Id,Relation to Junction,Crash Harmful Event Location,Intersection Type,Shoulder Type,FDOT Roadway SKID Test Result,FDOT Roadway SKID Test Date,Functional Class,RCI Surface Width,RCI Shoulder Type First,RCI Shoulder Width First,RCI Shoulder Type Second,RCI Shoulder Width Second,RCI Shoulder Type Third,RCI Shoulder Width Third,RCI Median Width,Avg Daily Traffic,AADT Source,RCI Avg Per Truck Traffic,RCI Horiz Curve Condition,Posted Speed Limit,Highest Injury in Crash,CAR Status Code,Alcohols/Drug Involved,Site Location,Lighting,Weather,Road Surface,Roadway Grade,Roadway Alignment,Traffic Way Vehicle 1,Traffic Way Vehicle 2,Traffic Control Vehicle 1,Traffic Control Vehicle 2,Count of Lanes,Road Condition 1,Road Condition 2,Road Condition 3,Environment Condition 1,Environment Condition 2,Environment Condition 3,Crash Harmful Event,Manner of Collision,Vehicle Movement,Driver Action Vehicle 1,Driver Action Vehicle 2,Location Within Workzone,Type of Workzone,Workers Present in Workzone,Law Enforcement Present in Workzone,School Bus Related,Count of Nonfatal Injuries,Count of Traffic Fatalities,Count of Serious Injuries,Count of Pedestrians,Count of Drivers,Count of Bicyclists,Count of Vehicles,Count of Persons,Wrong Way,Workzone Inv,Commercial Vehicle Inv,Intersection Inv,Lane Departure,Speeding,Agressive Driving,Impaired Driver,Impaired Pedestrian,Impaired Bicyclist,Distracted Driver,Speeding or Aggressive Driving,Pedestrian Related,Bicyclist Related,Pedestrian or Bicyclist Related,Motorcycle Inv,No Belt,No Belt - Ages 1-4,No Belt - Ages 5-12,No Belt - Ages 13-17,Driver - Ages Teen,Driver - Ages 65 plus,Driver - Ages 65-69,Driver - Ages 70-74,Driver - Ages 75-79,Driver - Ages 80 plus,ARBM Latitude,ARBM Longitude,UTM Zone 17N X,UTM Zone 17N Y,ARBM Side of Road,Urban Rural Indicator,GIS Street Source,Extract Date,OBJECTID,x,y
2016866177620,2016,866177620,20160014348,COUNTY SHERIFF'S OFFICE,04 FOURTH,PALM BEACH,"August 9, 2016",1548,WEDNESDAY,9394 WEST PALM BEACH,0694,Y,OKEECHOBEE BLVD,SEMINOLE BLVD,0.009,W,0,0,26.706534,-80.0952035,93280000,6.522,01740,SR 704,,L LEFT,1 THRU LANE 1,W WEST,30 URBAN 6+LN 2WY DIVD RASD,03 STATE,01 NON-JUNCTION,01 ON ROADWAY,01 NOT AT INTERSECTION,03 CURB,31,"June 2, 2014",14 URBAN PRIN ART OTHER,43,PAVED,3,CURB&GUTTER,2,,0,19,47500,RCI,2.8,,45,1 NO INJURY,31 Q/C COMPLETED - LOC VERIFIED,0 NO,01 NOT AT INTERSECTION/RRX/BRIDGE,01 DAYLIGHT,02 CLOUDY,01 DRY,01 LEVEL,1 STRAIGHT,"TWO-WAY, DIVIDED, POSITIVE MED","TWO-WAY, DIVIDED, POSITIVE MED",NO CONTROLS,NO CONTROLS,8,NONE,NOT CODED,NOT CODED,NONE,NOT CODED,NOT CODED,14 MOTOR VEHICLE IN TRANSPORT,01 FRONT TO REAR,01 STRAIGHT AHEAD,OPERATED MV IN CARLESS OR NEGL,NO CONTRIBUTING ACTION,00 NOT CODED,00 NOT CODED,00 NOT CODED,00 NOT CODED,01 NO,0,0,0,0,2,0,2,2,N,N,N,N,N,N,N,N,N,N,N,N,N,N,N,N,N,N,N,N,N,N,N,N,N,N,26.706673079,-80.095038098,590019.998744,2954266.780839,L,,ARBM15Q1R2,"February 27, 2022",1115895,-8916139.154239068,3086872.5953237005
2016866180550,2016,866180550,20160015385,COUNTY SHERIFF'S OFFICE,04 FOURTH,PALM BEACH,"August 25, 2016",0639,FRIDAY,9394 WEST PALM BEACH,0694,Y,BROADWAY,54TH ST,0,,0,0,26.7597588,-80.0554906,93020000,11.891,00778,SR 5,US 1,R RIGHT,2 THRU LANE 2,N NORTH,21 URBAN 4-5LN 2WY DIVD PAVD,03 STATE,02 INTERSECTION,01 ON ROADWAY,02 FOUR-WAY INTERSECTION,03 CURB,43,"June 13, 2016",16 URBAN MINOR ART,22,CURB&GUTTER,2,,0,,0,16,21500,RCI,5.2,,35,3 NO-INCAPACITATING INJURY,31 Q/C COMPLETED - LOC VERIFIED,0 NO,02 AT INTERSECTION,01 DAYLIGHT,01 CLEAR,01 DRY,01 LEVEL,1 STRAIGHT,"TWO-WAY, NOT DIVIDED","TWO-WAY, DIVIDED, POSITIVE MED",TRAFFIC CONTROL SIGNAL,TRAFFIC CONTROL SIGNAL,4,NONE,NOT CODED,NOT CODED,NONE,NOT CODED,NOT CODED,14 MOTOR VEHICLE IN TRANSPORT,03 ANGLE,01 STRAIGHT AHEAD,OPERATED MV IN CARLESS OR NEGL,NO CONTRIBUTING ACTION,00 NOT CODED,00 NOT CODED,00 NOT CODED,00 NOT CODED,01 NO,1,0,0,0,2,0,2,5,N,N,N,Y,N,N,N,N,N,N,N,N,N,N,N,N,N,N,N,N,N,Y,Y,N,N,N,26.759751578,-80.055493323,593910.276385,2960174.506912,C,,ARBM15Q1R2,"February 27, 2022",1115896,-8911737.048824921,3093488.4304205626
2016866180560,2016,866180560,20160015387,COUNTY SHERIFF'S OFFICE,04 FOURTH,PALM BEACH,"August 25, 2016",0725,FRIDAY,9394 WEST PALM BEACH,0694,Y,S AUSTRALIAN AVE,MERCER AVE,0,E,0,0,26.702718,-80.06788,93650000,2.044,,,,I INTERSECTION,M MIDDLE,N NORTH,,04 COUNTY,02 INTERSECTION,01 ON ROADWAY,02 FOUR-WAY INTERSECTION,03 CURB,0,"December 31, 2000",,,,0,,0,,0,,,RCI,0,,,1 NO INJURY,33 Q/C VERIFIED AS OFF-SYSTEM,0 NO,02 AT INTERSECTION,01 DAYLIGHT,02 CLOUDY,01 DRY,01 LEVEL,1 STRAIGHT,"TWO-WAY, DIVIDED, POSITIVE MED","TWO-WAY, DIVIDED, POSITIVE MED",TRAFFIC CONTROL SIGNAL,TRAFFIC CONTROL SIGNAL,,NONE,NONE,NONE,NONE,NONE,NONE,14 MOTOR VEHICLE IN TRANSPORT,03 ANGLE,03 TURNING LEFT,FAILED TO YIELD RIGHT-OF-WAY,NO CONTRIBUTING ACTION,00 NOT CODED,00 NOT CODED,00 NOT CODED,00 NOT CODED,01 NO,0,0,0,0,3,0,3,5,N,N,N,Y,N,N,N,N,N,N,N,N,N,N,N,N,N,N,N,N,Y,N,N,N,N,N,26.702715731,-80.067876762,592725.185974,2953847.921086,R,U,ARBM15Q1R2,"February 27, 2022",1115897,-8913115.567145066,3086379.46552366
2016866180630,2016,866180630,20160015418,COUNTY SHERIFF'S OFFICE,04 FOURTH,PALM BEACH,"August 25, 2016",1741,FRIDAY,9394 WEST PALM BEACH,0694,Y,N SAPODILLA,15TH ST,0.038,S,0,0,26.726756,-80.058289,93A11518,0.841,,,,R RIGHT,1 THRU LANE 1,N NORTH,,05 LOCAL,01 NON-JUNCTION,01 ON ROADWAY,01 NOT AT INTERSECTION,03 CURB,0,"December 31, 2000",,,,0,,0,,0,,,RCI,0,,,1 NO INJURY,33 Q/C VERIFIED AS OFF-SYSTEM,0 NO,01 NOT AT INTERSECTION/RRX/BRIDGE,01 DAYLIGHT,02 CLOUDY,01 DRY,01 LEVEL,1 STRAIGHT,ONE-WAY TRAFFICWAY,ONE-WAY TRAFFICWAY,NO CONTROLS,NO CONTROLS,,NONE,NONE,NONE,NONE,NONE,NONE,14 MOTOR VEHICLE IN TRANSPORT,"05 SIDESWIPE, OPPOSITE DIRECTION",01 STRAIGHT AHEAD,NOT CODED,NO CONTRIBUTING ACTION,00 NOT CODED,00 NOT CODED,00 NOT CODED,00 NOT CODED,01 NO,0,0,0,0,1,0,2,1,N,N,N,N,Y,N,N,N,N,N,N,N,N,N,N,N,N,N,N,N,N,N,N,N,N,N,26.72675592,-80.058287178,593659.507551,2956517.712167,O,U,ARBM15Q1R2,"February 27, 2022",1115898,-8912048.059304954,3089375.4073303943
2016866180670,2016,866180670,20160015433,COUNTY SHERIFF'S OFFICE,04 FOURTH,PALM BEACH,"August 25, 2016",2122,FRIDAY,9394 WEST PALM BEACH,0694,Y,I 95,FOREST HILL BLVD,0,,0,0,26.6555349,-80.0701936,93220051,0.172,04845,SR 9,I 95,L LEFT,X RAMP,W WEST,07 RAMP URBAN,01 INTERSTATE,02 INTERSECTION,01 ON ROADWAY,02 FOUR-WAY INTERSECTION,03 CURB,0,"December 31, 2000",,12,PAVED,9,LAWN,12,,0,,14000,RCI,3.1,,,0 UNKNOWN/NOT CODED,31 Q/C COMPLETED - LOC VERIFIED,0 NO,08 EXIT RAMP,04 DARK-LIGHTED,01 CLEAR,02 WET,01 LEVEL,1 STRAIGHT,"TWO-WAY, DIVIDED, POSITIVE MED",,OTHER (SEE NARRATIVE),NOT CODED,1,NONE,NOT CODED,NOT CODED,NONE,NOT CODED,NOT CODED,14 MOTOR VEHICLE IN TRANSPORT,77 OTHER (SEE NARRATIVE),05 TURNING RIGHT,NOT CODED,NOT CODED,00 NOT CODED,00 NOT CODED,00 NOT CODED,00 NOT CODED,01 NO,0,0,0,0,0,0,1,0,N,N,N,N,N,N,N,N,N,N,N,N,N,N,N,N,N,N,N,N,N,N,N,N,N,N,26.655538678,-80.070201177,592532.024685,2948620.763399,O,,ARBM15Q1R2,"February 27, 2022",1115899,-8913374.31979903,3080501.9931343165
2016866180690,2016,866180690,20160015451,COUNTY SHERIFF'S OFFICE,04 FOURTH,PALM BEACH,"August 26, 2016",0749,SATURDAY,9394 WEST PALM BEACH,0694,Y,N CONGRESS AVE,,0,S,0,0,26.717677,-80.081109,93250500,1.926,,,,R RIGHT,2 THRU LANE 2,N NORTH,,04 COUNTY,04 DRIVEWAY/ALLEY ACCESS RELATED,01 ON ROADWAY,01 NOT AT INTERSECTION,03 CURB,0,"December 31, 2000",,,,0,,0,,0,,,RCI,0,,,1 NO INJURY,33 Q/C VERIFIED AS OFF-SYSTEM,0 NO,04 DRIVEWAY ACCESS,01 DAYLIGHT,01 CLEAR,01 DRY,01 LEVEL,1 STRAIGHT,"TWO-WAY, NOT DIVIDED","TWO-WAY, NOT DIVIDED",STOP SIGN,NO CONTROLS,,NONE,NOT CODED,NOT CODED,NONE,NOT CODED,NOT CODED,14 MOTOR VEHICLE IN TRANSPORT,03 ANGLE,17 ENTERING TRAFFIC LANE,OPERATED MV IN CARLESS OR NEGL,NO CONTRIBUTING ACTION,00 NOT CODED,00 NOT CODED,00 NOT CODED,00 NOT CODED,01 NO,0,0,0,0,2,0,2,2,N,N,N,N,N,N,N,N,N,N,N,N,N,N,N,N,N,N,N,N,N,N,N,N,N,N,26.717675072,-80.081107327,591397.0304,2955495.311,C,U,ARBM15Q1R2,"February 27, 2022",1115900,-8914588.387403352,3088243.6574812243
2016866180710,2016,866180710,20160015455,COUNTY SHERIFF'S OFFICE,04 FOURTH,PALM BEACH,"August 26, 2016",1121,SATURDAY,9394 WEST PALM BEACH,0694,Y,PALM BEACH LAKES BLVD,N ROBBINS DR,0.019,S,0,0,26.715829,-80.092247,93014500,0.819,,,,R RIGHT,1 THRU LANE 1,E EAST,,04 COUNTY,01 NON-JUNCTION,01 ON ROADWAY,01 NOT AT INTERSECTION,03 CURB,0,"December 31, 2000",,,,0,,0,,0,,,RCI,0,,,3 NO-INCAPACITATING INJURY,33 Q/C VERIFIED AS OFF-SYSTEM,0 NO,03 INFLUENCED BY INTERSECTION,01 DAYLIGHT,01 CLEAR,01 DRY,01 LEVEL,1 STRAIGHT,"TWO-WAY, DIVIDED, POSITIVE MED","TWO-WAY, DIVIDED, POSITIVE MED",NO CONTROLS,NO CONTROLS,,NONE,NOT CODED,NOT CODED,NONE,NOT CODED,NOT CODED,14 MOTOR VEHICLE IN TRANSPORT,01 FRONT TO REAR,01 STRAIGHT AHEAD,OPERATED MV IN CARLESS OR NEGL,NO CONTRIBUTING ACTION,00 NOT CODED,00 NOT CODED,00 NOT CODED,00 NOT CODED,01 NO,1,0,0,0,3,0,3,3,N,N,N,Y,N,N,N,N,N,N,N,N,N,N,N,N,N,N,N,N,Y,N,N,N,N,N,26.715829295,-80.092247415,590290.389537,2955282.924774,R,U,ARBM15Q1R2,"February 27, 2022",1115901,-8915828.496740269,3088013.6284633675
2016866193600,2016,866193600,20160020055,COUNTY SHERIFF'S OFFICE,04 FOURTH,PALM BEACH,"November 5, 2016",1549,SUNDAY,9394 WEST PALM BEACH,0694,Y,FERN ST,S ROSEMARY AVE,0.028,W,0,0,26.710461,-80.05757,93A05590,0.274,,,,L LEFT,1 THRU LANE 1,S SOUTH,,05 LOCAL,01 NON-JUNCTION,01 ON ROADWAY,01 NOT AT INTERSECTION,03 CURB,0,"December 31, 2000",,,,0,,0,,0,,,RCI,0,,,2 POSSIBLE INJURY,33 Q/C VERIFIED AS OFF-SYSTEM,0 NO,01 NOT AT INTERSECTION/RRX/BRIDGE,01 DAYLIGHT,01 CLEAR,01 DRY,01 LEVEL,1 STRAIGHT,"TWO-WAY, NOT DIV, W/CONT LTURN","TWO-WAY, NOT DIVIDED",STOP SIGN,NO CONTROLS,,NONE,NOT CODED,NOT CODED,NONE,NOT CODED,NOT CODED,14 MOTOR VEHICLE IN TRANSPORT,03 ANGLE,01 STRAIGHT AHEAD,FAILED TO YIELD RIGHT-OF-WAY,NO CONTRIBUTING ACTION,00 NOT CODED,00 NOT CODED,00 NOT CODED,00 NOT CODED,01 NO,1,0,0,0,2,0,2,9,N,N,N,N,N,N,N,N,N,N,N,N,N,N,N,N,Y,N,N,Y,Y,N,N,N,N,N,26.710461897,-80.05756996,593744.191862,2954713.452163,C,U,ARBM15Q1R2,"February 27, 2022",1115922,-8911968.218806623,3087344.740878792
2016866174300,2016,866174300,20160013198,COUNTY SHERIFF'S OFFICE,04 FOURTH,PALM BEACH,"July 20, 2016",1702,THURSDAY,9394 WEST PALM BEACH,0694,Y,PALM BEACH LAKES BLVD,N AUSTRALIAN AVE,0.038,W,0,0,26.72489,-80.067287,93014500,2.656,,,,L LEFT,1 THRU LANE 1,W WEST,,05 LOCAL,01 NON-JUNCTION,01 ON ROADWAY,01 NOT AT INTERSECTION,03 CURB,0,"December 31, 2000",,,,0,,0,,0,,,RCI,0,,,1 NO INJURY,33 Q/C VERIFIED AS OFF-SYSTEM,0 NO,01 NOT AT INTERSECTION/RRX/BRIDGE,01 DAYLIGHT,01 CLEAR,01 DRY,01 LEVEL,1 STRAIGHT,"TWO-WAY, NOT DIVIDED","TWO-WAY, NOT DIVIDED",NO CONTROLS,NO CONTROLS,,NONE,NOT CODED,NOT CODED,NONE,NOT CODED,NOT CODED,14 MOTOR VEHICLE IN TRANSPORT,01 FRONT TO REAR,01 STRAIGHT AHEAD,FOLLOWED TOO CLOSELY,NO CONTRIBUTING ACTION,00 NOT CODED,00 NOT CODED,00 NOT CODED,00 NOT CODED,01 NO,0,0,0,0,2,0,2,4,N,N,N,N,N,N,N,N,N,N,N,N,N,N,N,N,N,N,N,N,N,N,N,N,N,N,26.724890124,-80.067286996,592765.882187,2956304.464021,L,U,ARBM15Q1R2,"February 27, 2022",1115923,-8913049.914767016,3089142.864998626
2016866174310,2016,866174310,20160013199,COUNTY SHERIFF'S OFFICE,04 FOURTH,PALM BEACH,"July 20, 2016",1625,THURSDAY,9394 WEST PALM BEACH,0694,Y,OKEECHOBEE BLVD,ROSEMARY AVE S,0,,0,0,26.7057618,-80.0569318,93280000,8.891,01770,SR 704,,L LEFT,2 THRU LANE 2,W WEST,30 URBAN 6+LN 2WY DIVD RASD,04 COUNTY,01 NON-JUNCTION,01 ON ROADWAY,04 Y-INTERSECTION,03 CURB,40,"June 2, 2014",14 URBAN PRIN ART OTHER,46,CURB&GUTTER,2,,0,,0,92,45000,RCI,2.8,,35,1 NO INJURY,31 Q/C COMPLETED - LOC VERIFIED,0 NO,02 AT INTERSECTION,01 DAYLIGHT,01 CLEAR,01 DRY,01 LEVEL,1 STRAIGHT,"TWO-WAY, DIVIDED, POSITIVE MED","TWO-WAY, DIVIDED, POSITIVE MED",NO CONTROLS,NO CONTROLS,4,NONE,NOT CODED,NOT CODED,NONE,NOT CODED,NOT CODED,14 MOTOR VEHICLE IN TRANSPORT,77 OTHER (SEE NARRATIVE),06 CHANGING LANES,FAILED TO YIELD RIGHT-OF-WAY,NO CONTRIBUTING ACTION,00 NOT CODED,00 NOT CODED,00 NOT CODED,00 NOT CODED,01 NO,0,0,0,0,3,0,3,4,N,N,N,Y,N,N,Y,N,N,N,N,Y,N,N,N,N,N,N,N,N,N,N,N,N,N,N,26.705713075,-80.056961334,593808.627,2954187.90326,O,,ARBM15Q1R2,"February 27, 2022",1115924,-8911900.466889542,3086752.966751749
2016866190260,2016,866190260,20160018893,COUNTY SHERIFF'S OFFICE,04 FOURTH,PALM BEACH,"October 19, 2016",1155,THURSDAY,9394 WEST PALM BEACH,0694,Y,PALM BEACH LAKES BLVD,N DIXIE HWY,0.019,W,0,0,26.724473,-80.053513,93014501,0.801,,,US 1,R RIGHT,1 THRU LANE 1,E EAST,,05 LOCAL,01 NON-JUNCTION,01 ON ROADWAY,01 NOT AT INTERSECTION,03 CURB,0,"December 31, 2000",16 URBAN MINOR ART,,,0,,0,,0,,,RCI,0,,,1 NO INJURY,33 Q/C VERIFIED AS OFF-SYSTEM,0 NO,03 INFLUENCED BY INTERSECTION,01 DAYLIGHT,01 CLEAR,01 DRY,01 LEVEL,1 STRAIGHT,"TWO-WAY, NOT DIVIDED","TWO-WAY, NOT DIVIDED",NO CONTROLS,NO CONTROLS,4,NONE,NOT CODED,NOT CODED,NONE,NOT CODED,NOT CODED,14 MOTOR VEHICLE IN TRANSPORT,01 FRONT TO REAR,14 SLOWING,OPERATED MV IN CARLESS OR NEGL,NO CONTRIBUTING ACTION,00 NOT CODED,00 NOT CODED,00 NOT CODED,00 NOT CODED,01 NO,0,0,0,0,2,0,2,2,N,N,N,Y,N,N,N,N,N,N,Y,N,N,N,N,N,N,N,N,N,N,N,N,N,N,N,26.724471185,-80.053513045,594136.232434,2956268.165089,C,U,ARBM15Q1R2,"February 27, 2022",1115955,-8911516.60513742,3089090.6513761254
2016866202730,2016,866202730,20160023357,COUNTY SHERIFF'S OFFICE,04 FOURTH,PALM BEACH,"December 27, 2016",1556,WEDNESDAY,9394 WEST PALM BEACH,0694,Y,DIXIE HWY N,QUADRILLE BLVD N,0.002,N,0,0,26.7184846,-80.0533929,93020001,0.411,00269,SR 5,US 1,R RIGHT,1 THRU LANE 1,S SOUTH,21 URBAN 4-5LN 2WY DIVD PAVD,02 U.S.,03 INTERSECTION-RELATED,01 ON ROADWAY,01 NOT AT INTERSECTION,03 CURB,43,"June 13, 2016",16 URBAN MINOR ART,22,CURB&GUTTER,2,,0,,0,12,17700,RCI,5.7,,30,1 NO INJURY,31 Q/C COMPLETED - LOC VERIFIED,0 NO,01 NOT AT INTERSECTION/RRX/BRIDGE,01 DAYLIGHT,01 CLEAR,01 DRY,01 LEVEL,1 STRAIGHT,"TWO-WAY, NOT DIVIDED","TWO-WAY, NOT DIVIDED",NO CONTROLS,NO CONTROLS,4,NONE,NOT CODED,NOT CODED,NONE,NOT CODED,NOT CODED,14 MOTOR VEHICLE IN TRANSPORT,01 FRONT TO REAR,01 STRAIGHT AHEAD,OPERATED MV IN CARLESS OR NEGL,NO CONTRIBUTING ACTION,00 NOT CODED,00 NOT CODED,00 NOT CODED,00 NOT CODED,01 NO,0,0,0,0,2,0,2,2,N,N,N,N,N,N,N,N,N,N,N,N,N,N,N,N,N,N,N,N,N,N,N,N,N,N,26.718507126,-80.053386459,594153.731242,2955607.656249,C,,ARBM15Q1R2,"February 27, 2022",1115959,-8911502.513621511,3088347.3529922427
2016866202740,2016,866202740,20160023358,COUNTY SHERIFF'S OFFICE,04 FOURTH,PALM BEACH,"December 27, 2016",1620,WEDNESDAY,9394 WEST PALM BEACH,0694,Y,QUADRILLE BLVD N,DIXIE HWY N,0,,0,0,26.7184639,-80.0533936,93020100,0.96,00269,SR 5,US 1,I INTERSECTION,M MIDDLE,0,21 URBAN 4-5LN 2WY DIVD PAVD,05 LOCAL,02 INTERSECTION,01 ON ROADWAY,01 NOT AT INTERSECTION,03 CURB,41,"June 13, 2016",17 URBAN MAJOR COLLECTOR,22,CURB&GUTTER,2,,0,,0,25,11400,RCI,2.6,,30,1 NO INJURY,31 Q/C COMPLETED - LOC VERIFIED,0 NO,02 AT INTERSECTION,01 DAYLIGHT,01 CLEAR,01 DRY,00 NOT CODED,0 NOT CODED,NOT CODED,"TWO-WAY, NOT DIVIDED",NOT CODED,TRAFFIC CONTROL SIGNAL,4,NONE,NOT CODED,NOT CODED,NONE,NOT CODED,NOT CODED,14 MOTOR VEHICLE IN TRANSPORT,"04 SIDESWIPE, SAME DIRECTION",00 NOT CODED,NOT CODED,NO CONTRIBUTING ACTION,00 NOT CODED,00 NOT CODED,00 NOT CODED,00 NOT CODED,01 NO,0,0,0,0,1,0,2,1,N,N,N,Y,N,N,N,N,N,N,N,N,N,N,N,N,N,N,N,N,N,N,N,N,N,N,26.718465072,-80.053387335,594153.6787,2955602.9975,C,,ARBM15Q1R2,"February 27, 2022",1115960,-8911502.611102685,3088342.1119682514
2016866202820,2016,866202820,20160023412,COUNTY SHERIFF'S OFFICE,04 FOURTH,PALM BEACH,"December 28, 2016",1241,THURSDAY,9394 WEST PALM BEACH,0694,Y,SR 704,AUSTRALIAN AVE,0.047,N,0,0,26.7064421,-80.0662283,93280136,0.114,01764,SR 704,,L LEFT,X RAMP,S SOUTH,07 RAMP URBAN,05 LOCAL,02 INTERSECTION,01 ON ROADWAY,04 Y-INTERSECTION,03 CURB,0,"December 31, 2000",,18,RAISED CURB,2,,0,,0,,5200,RCI,4.2,,,1 NO INJURY,31 Q/C COMPLETED - LOC VERIFIED,0 NO,07 ENTRANCE RAMP,01 DAYLIGHT,01 CLEAR,01 DRY,01 LEVEL,1 STRAIGHT,"TWO-WAY, DIVIDED, POSITIVE MED","TWO-WAY, DIVIDED, POSITIVE MED",YIELD SIGN,YIELD SIGN,1,NONE,NOT CODED,NOT CODED,NONE,NOT CODED,NOT CODED,14 MOTOR VEHICLE IN TRANSPORT,01 FRONT TO REAR,14 SLOWING,FAILED TO YIELD RIGHT-OF-WAY,NO CONTRIBUTING ACTION,00 NOT CODED,00 NOT CODED,00 NOT CODED,00 NOT CODED,01 NO,0,0,0,0,2,0,2,4,N,N,N,N,N,N,N,N,N,N,Y,N,N,N,N,N,N,N,N,N,N,N,N,N,N,N,26.706435614,-80.066220984,592886.889239,2954261.153312,O,,ARBM15Q1R2,"February 27, 2022",1115961,-8912931.246836547,3086843.004184264
2016866202830,2016,866202830,20160023413,COUNTY SHERIFF'S OFFICE,04 FOURTH,PALM BEACH,"December 22, 2016",0012,FRIDAY,9394 WEST PALM BEACH,0694,Y,N OLIVE AVE,N QUADRILLE BLVD,0.019,S,0,0,26.718172,-80.051788,93020000,8.696,,,,R RIGHT,1 THRU LANE 1,0,,05 LOCAL,01 NON-JUNCTION,01 ON ROADWAY,01 NOT AT INTERSECTION,03 CURB,0,"December 31, 2000",,,,0,,0,,0,,,RCI,0,,,1 NO INJURY,33 Q/C VERIFIED AS OFF-SYSTEM,0 NO,01 NOT AT INTERSECTION/RRX/BRIDGE,01 DAYLIGHT,01 CLEAR,01 DRY,00 NOT CODED,0 NOT CODED,NOT CODED,ONE-WAY TRAFFICWAY,NOT CODED,NO CONTROLS,,NONE,NOT CODED,NOT CODED,NONE,NOT CODED,NOT CODED,14 MOTOR VEHICLE IN TRANSPORT,01 FRONT TO REAR,00 NOT CODED,NOT CODED,NO CONTRIBUTING ACTION,00 NOT CODED,00 NOT CODED,00 NOT CODED,00 NOT CODED,01 NO,0,0,0,0,1,0,2,1,N,N,N,N,N,N,N,N,N,N,N,N,N,N,N,N,N,N,N,N,N,N,N,N,N,N,26.718172144,-80.051791452,594312.66136,2955571.731853,O,U,ARBM15Q1R2,"February 27, 2022",1115962,-8911324.958158243,3088305.605464212
2016866202850,2016,866202850,20160023415,COUNTY SHERIFF'S OFFICE,04 FOURTH,PALM BEACH,"December 28, 2016",1306,THURSDAY,9394 WEST PALM BEACH,0694,Y,OKEECHOBEE BLVD,SUWANEE DR,0.076,W,0,0,26.7063683,-80.08868,93280000,6.925,04716,SR 704,,R RIGHT,4 THRU LANE 4,E EAST,31 URBAN 6+LN 2WY DIVD PAVD,03 STATE,01 NON-JUNCTION,01 ON ROADWAY,01 NOT AT INTERSECTION,03 CURB,31,"June 2, 2014",14 URBAN PRIN ART OTHER,43,PAVED,3,CURB&GUTTER,2,,0,19,47500,RCI,2.8,,45,1 NO INJURY,31 Q/C COMPLETED - LOC VERIFIED,0 NO,01 NOT AT INTERSECTION/RRX/BRIDGE,01 DAYLIGHT,02 CLOUDY,01 DRY,01 LEVEL,1 STRAIGHT,"TWO-WAY, DIVIDED, POSITIVE MED","TWO-WAY, DIVIDED, POSITIVE MED",NO CONTROLS,NO CONTROLS,8,NONE,NOT CODED,NOT CODED,NONE,NOT CODED,NOT CODED,14 MOTOR VEHICLE IN TRANSPORT,01 FRONT TO REAR,01 STRAIGHT AHEAD,OPERATED MV IN CARLESS OR NEGL,NO CONTRIBUTING ACTION,00 NOT CODED,00 NOT CODED,00 NOT CODED,00 NOT CODED,01 NO,0,0,0,0,4,0,4,5,N,N,N,N,N,N,N,N,N,N,N,N,N,N,N,N,N,N,N,N,N,Y,N,Y,N,N,26.706320159,-80.088753089,590645.503456,2954232.144267,R,,ARBM15Q1R2,"February 27, 2022",1115963,-8915439.509909837,3086828.616923716
2016866202870,2016,866202870,20160023418,COUNTY SHERIFF'S OFFICE,04 FOURTH,PALM BEACH,"December 28, 2016",1351,THURSDAY,9394 WEST PALM BEACH,0694,Y,DIXIE HWY S,PALMETTO ST,0.005,N,0,0,26.6611669,-80.0557959,93050000,4.831,00106,SR 805,US 1,R RIGHT,S SIDE OF ROAD,N NORTH,22 URBAN 4-5LN 2WY UNDIVD,02 U.S.,03 INTERSECTION-RELATED,01 ON ROADWAY,01 NOT AT INTERSECTION,03 CURB,34,"June 3, 2014",16 URBAN MINOR ART,46,PAVED,7,CURB&GUTTER,2,,0,,28000,RCI,2.6,,35,1 NO INJURY,31 Q/C COMPLETED - LOC VERIFIED,0 NO,03 INFLUENCED BY INTERSECTION,01 DAYLIGHT,01 CLEAR,01 DRY,01 LEVEL,1 STRAIGHT,"TWO-WAY, NOT DIVIDED",,NO CONTROLS,NOT CODED,4,NONE,NOT CODED,NOT CODED,NONE,NOT CODED,NOT CODED,14 MOTOR VEHICLE IN TRANSPORT,03 ANGLE,05 TURNING RIGHT,OPERATED MV IN CARLESS OR NEGL,NOT CODED,00 NOT CODED,00 NOT CODED,00 NOT CODED,00 NOT CODED,01 NO,0,0,0,0,1,0,1,1,N,N,N,Y,N,N,N,N,N,N,N,N,N,N,N,N,N,N,N,N,N,N,N,N,N,N,26.661135811,-80.055806031,593960.098765,2949251.230003,C,,ARBM15Q1R2,"February 27, 2022",1115964,-8911771.85902327,3081199.175325637
2016866189100,2016,866189100,20160018421,COUNTY SHERIFF'S OFFICE,04 FOURTH,PALM BEACH,"October 12, 2016",0022,THURSDAY,9394 WEST PALM BEACH,0694,Y,,,0.48,N,0,0,26.807889,-80.197566,93270001,8.287,,,,L LEFT,E END OF ST RD,S SOUTH,,05 LOCAL,04 DRIVEWAY/ALLEY ACCESS RELATED,03 SHOULDER,77 OTHER (SEE NARRATIVE),01 PAVED,0,"December 31, 2000",,,,0,,0,,0,,,RCI,0,,,1 NO INJURY,33 Q/C VERIFIED AS OFF-SYSTEM,0 NO,04 DRIVEWAY ACCESS,04 DARK-LIGHTED,02 CLOUDY,02 WET,01 LEVEL,2 CURVE RIGHT,"TWO-WAY, NOT DIVIDED",,NO CONTROLS,NOT CODED,,OTHER (SEE NARRATIVE),NOT CODED,NOT CODED,WEATHER CONDITIONS,NOT CODED,NOT CODED,37 FENCE,"05 SIDESWIPE, OPPOSITE DIRECTION",01 STRAIGHT AHEAD,RAN OFF ROADWAY,NOT CODED,00 NOT CODED,00 NOT CODED,00 NOT CODED,00 NOT CODED,01 NO,0,0,0,0,1,0,1,2,N,N,N,N,Y,N,N,N,N,N,Y,N,N,N,N,N,N,N,N,N,N,N,N,N,N,N,26.807888923,-80.197563445,579750.294742,2965409.338826,C,U,ARBM15Q1R2,"February 27, 2022",1116055,-8927552.2272476,3099491.0601594485