Crash Id,Calendar Year,FDOT Crash Number,Reporting Agency Case Number,Reporting Agency Type,FDOT Managing District,County Name,Crash Date,Crash Time,Day,DHSMV City,Crash Report City Code,In Town,On Roadway Name,Int Roadway Name,Reference Distance (Miles),Reference Direction,Officer Latitude,Officer Longitude,FDOT Latitude,FDOT Longitude,FDOT Roadway,Nearest Inventory MP,Nearest Node From Crash,State Road #,US Highway,Crash Side of Road,Accident Lane Number,Travel Direction Vehicle 1,FDOT Road Category,DHSMV Road System Id,Relation to Junction,Crash Harmful Event Location,Intersection Type,Shoulder Type,FDOT Roadway SKID Test Result,FDOT Roadway SKID Test Date,Functional Class,RCI Surface Width,RCI Shoulder Type First,RCI Shoulder Width First,RCI Shoulder Type Second,RCI Shoulder Width Second,RCI Shoulder Type Third,RCI Shoulder Width Third,RCI Median Width,Avg Daily Traffic,AADT Source,RCI Avg Per Truck Traffic,RCI Horiz Curve Condition,Posted Speed Limit,Highest Injury in Crash,CAR Status Code,Alcohols/Drug Involved,Site Location,Lighting,Weather,Road Surface,Roadway Grade,Roadway Alignment,Traffic Way Vehicle 1,Traffic Way Vehicle 2,Traffic Control Vehicle 1,Traffic Control Vehicle 2,Count of Lanes,Road Condition 1,Road Condition 2,Road Condition 3,Environment Condition 1,Environment Condition 2,Environment Condition 3,Crash Harmful Event,Manner of Collision,Vehicle Movement,Driver Action Vehicle 1,Driver Action Vehicle 2,Location Within Workzone,Type of Workzone,Workers Present in Workzone,Law Enforcement Present in Workzone,School Bus Related,Count of Nonfatal Injuries,Count of Traffic Fatalities,Count of Serious Injuries,Count of Pedestrians,Count of Drivers,Count of Bicyclists,Count of Vehicles,Count of Persons,Wrong Way,Workzone Inv,Commercial Vehicle Inv,Intersection Inv,Lane Departure,Speeding,Agressive Driving,Impaired Driver,Impaired Pedestrian,Impaired Bicyclist,Distracted Driver,Speeding or Aggressive Driving,Pedestrian Related,Bicyclist Related,Pedestrian or Bicyclist Related,Motorcycle Inv,No Belt,No Belt - Ages 1-4,No Belt - Ages 5-12,No Belt - Ages 13-17,Driver - Ages Teen,Driver - Ages 65 plus,Driver - Ages 65-69,Driver - Ages 70-74,Driver - Ages 75-79,Driver - Ages 80 plus,ARBM Latitude,ARBM Longitude,UTM Zone 17N X,UTM Zone 17N Y,ARBM Side of Road,Urban Rural Indicator,GIS Street Source,Extract Date,OBJECTID,x,y
2016866192080,2016,866192080,20160019543,COUNTY SHERIFF'S OFFICE,04 FOURTH,PALM BEACH,"October 29, 2016",1438,SUNDAY,9394 WEST PALM BEACH,0694,Y,47TH ST,BROADWAY,0,E,0,0,26.7545335,-80.0559926,93020000,11.53,00771,SR 5,US 1,S SIDE RD RIGHT,1 THRU LANE 1,W WEST,21 URBAN 4-5LN 2WY DIVD PAVD,05 LOCAL,01 NON-JUNCTION,01 ON ROADWAY,02 FOUR-WAY INTERSECTION,01 PAVED,43,"June 13, 2016",16 URBAN MINOR ART,22,CURB&GUTTER,2,,0,,0,16,21500,RCI,5.2,,35,1 NO INJURY,31 Q/C COMPLETED - LOC VERIFIED,0 NO,04 DRIVEWAY ACCESS,01 DAYLIGHT,01 CLEAR,01 DRY,01 LEVEL,1 STRAIGHT,"TWO-WAY, NOT DIVIDED","TWO-WAY, NOT DIVIDED",STOP SIGN,STOP SIGN,4,NONE,NOT CODED,NOT CODED,NONE,NOT CODED,NOT CODED,14 MOTOR VEHICLE IN TRANSPORT,"04 SIDESWIPE, SAME DIRECTION",05 TURNING RIGHT,NOT CODED,NOT CODED,00 NOT CODED,00 NOT CODED,00 NOT CODED,00 NOT CODED,01 NO,0,0,0,0,0,0,2,1,N,N,N,N,Y,N,N,N,N,N,N,N,N,N,N,N,N,N,N,N,N,N,N,N,N,N,26.754513934,-80.055997998,593864.398607,2959593.990057,C,,ARBM15Q1R2,"February 27, 2022",1325961,-8911793.229006188,3092835.4603034034
2016866201970,2016,866201970,20160023120,COUNTY SHERIFF'S OFFICE,04 FOURTH,PALM BEACH,"December 22, 2016",2242,FRIDAY,9394 WEST PALM BEACH,0694,Y,GEORGIA AVE,TALLAPOOSA ST,0,E,0,0,26.686608,-80.058544,93A11846,0.746,,,,I INTERSECTION,M MIDDLE,S SOUTH,,05 LOCAL,02 INTERSECTION,01 ON ROADWAY,02 FOUR-WAY INTERSECTION,03 CURB,0,"December 31, 2000",,,,0,,0,,0,,,RCI,0,,,1 NO INJURY,33 Q/C VERIFIED AS OFF-SYSTEM,0 NO,02 AT INTERSECTION,04 DARK-LIGHTED,01 CLEAR,01 DRY,01 LEVEL,1 STRAIGHT,"TWO-WAY, DIVIDED, UNPROTECTED","TWO-WAY, DIVIDED, UNPROTECTED",TRAFFIC CONTROL SIGNAL,NO CONTROLS,,NONE,NOT CODED,NOT CODED,NONE,NOT CODED,NOT CODED,14 MOTOR VEHICLE IN TRANSPORT,01 FRONT TO REAR,01 STRAIGHT AHEAD,NOT CODED,NO CONTRIBUTING ACTION,00 NOT CODED,00 NOT CODED,00 NOT CODED,00 NOT CODED,01 NO,0,0,0,0,1,0,2,1,N,N,N,Y,N,N,N,N,N,N,N,N,N,N,N,N,N,N,N,N,Y,N,N,N,N,N,26.68660508,-80.058547335,593666.4764,2952070.2702,C,U,ARBM15Q1R2,"February 27, 2022",1325983,-8912077.019703468,3084372.0742197554
2016866202000,2016,866202000,20160023127,COUNTY SHERIFF'S OFFICE,04 FOURTH,PALM BEACH,"December 23, 2016",0503,SATURDAY,9394 WEST PALM BEACH,0694,Y,OKEECHOBEE BLVD,CONGRESS AVE,0,,0,0,26.7062837,-80.0862525,93280000,7.075,01744,SR 704,,R RIGHT,2 THRU LANE 2,E EAST,30 URBAN 6+LN 2WY DIVD RASD,03 STATE,01 NON-JUNCTION,01 ON ROADWAY,02 FOUR-WAY INTERSECTION,01 PAVED,31,"June 2, 2014",14 URBAN PRIN ART OTHER,43,PAVED,3,CURB&GUTTER,2,,0,31,47500,RCI,2.8,,45,1 NO INJURY,31 Q/C COMPLETED - LOC VERIFIED,0 NO,02 AT INTERSECTION,04 DARK-LIGHTED,01 CLEAR,01 DRY,00 NOT CODED,0 NOT CODED,NOT CODED,"TWO-WAY, DIVIDED, POSITIVE MED",NOT CODED,TRAFFIC CONTROL SIGNAL,8,NONE,NOT CODED,NOT CODED,NONE,NOT CODED,NOT CODED,14 MOTOR VEHICLE IN TRANSPORT,03 ANGLE,00 NOT CODED,NOT CODED,NO CONTRIBUTING ACTION,00 NOT CODED,00 NOT CODED,00 NOT CODED,00 NOT CODED,01 NO,0,0,0,0,1,0,2,1,N,N,N,Y,N,N,N,N,N,N,N,N,N,N,N,N,N,N,N,N,N,N,N,N,N,N,26.706242465,-80.086322766,590887.331692,2954225.269236,R,,ARBM15Q1R2,"February 27, 2022",1325984,-8915168.967575636,3086818.9352603406
2016866172600,2016,866172600,20160012617,COUNTY SHERIFF'S OFFICE,04 FOURTH,PALM BEACH,"July 11, 2016",2058,TUESDAY,9394 WEST PALM BEACH,0694,Y,N TAMARIND AVE,13TH ST,0,E,0,0,26.725594,-80.061644,93027502,0.065,,,,I INTERSECTION,M MIDDLE,W WEST,,05 LOCAL,01 NON-JUNCTION,01 ON ROADWAY,02 FOUR-WAY INTERSECTION,03 CURB,0,"December 31, 2000",,,,0,,0,,0,,,RCI,0,,,2 POSSIBLE INJURY,33 Q/C VERIFIED AS OFF-SYSTEM,0 NO,01 NOT AT INTERSECTION/RRX/BRIDGE,02 DUSK,01 CLEAR,01 DRY,01 LEVEL,1 STRAIGHT,"TWO-WAY, NOT DIVIDED","TWO-WAY, NOT DIVIDED",STOP SIGN,NO CONTROLS,,NONE,NOT CODED,NOT CODED,NONE,NOT CODED,NOT CODED,14 MOTOR VEHICLE IN TRANSPORT,03 ANGLE,01 STRAIGHT AHEAD,RAN STOP SIGN,NO CONTRIBUTING ACTION,00 NOT CODED,00 NOT CODED,00 NOT CODED,00 NOT CODED,01 NO,1,0,0,0,2,0,2,5,N,N,N,N,N,N,N,N,N,N,N,N,N,N,N,N,N,N,N,N,N,N,N,N,N,N,26.725594,-80.061647332,593326.248273,2956386.547225,C,U,ARBM15Q1R2,"February 27, 2022",1325985,-8912422.110067707,3089230.5916276667
2016866172620,2016,866172620,20160012630,COUNTY SHERIFF'S OFFICE,04 FOURTH,PALM BEACH,"July 12, 2016",0657,WEDNESDAY,9394 WEST PALM BEACH,0694,Y,45TH ST,PINEWOOD AVE,0,E,0,0,26.753017,-80.059707,93510000,3.206,,,,I INTERSECTION,M MIDDLE,W WEST,,05 LOCAL,02 INTERSECTION,01 ON ROADWAY,02 FOUR-WAY INTERSECTION,03 CURB,0,"December 31, 2000",,,,0,,0,,0,,,RCI,0,,,1 NO INJURY,33 Q/C VERIFIED AS OFF-SYSTEM,0 NO,02 AT INTERSECTION,01 DAYLIGHT,01 CLEAR,01 DRY,01 LEVEL,1 STRAIGHT,"TWO-WAY, NOT DIVIDED","TWO-WAY, NOT DIVIDED",TRAFFIC CONTROL SIGNAL,TRAFFIC CONTROL SIGNAL,,NONE,NOT CODED,NOT CODED,NONE,NOT CODED,NOT CODED,14 MOTOR VEHICLE IN TRANSPORT,03 ANGLE,01 STRAIGHT AHEAD,RAN RED LIGHT,NO CONTRIBUTING ACTION,00 NOT CODED,00 NOT CODED,00 NOT CODED,00 NOT CODED,01 NO,0,0,0,0,3,0,3,3,N,N,Y,Y,N,N,N,N,N,N,N,N,N,N,N,N,N,N,N,N,N,N,N,N,N,N,26.753015054,-80.059707104,593496.800006,2959425.237278,C,U,ARBM15Q1R2,"February 27, 2022",1325986,-8912206.124896387,3092648.602420938
2016866172690,2016,866172690,20160012662,COUNTY SHERIFF'S OFFICE,04 FOURTH,PALM BEACH,"July 12, 2016",1605,WEDNESDAY,9394 WEST PALM BEACH,0694,Y,QUADRILLE BLVD S,SR 704,0.003,N,0,0,26.7063968,-80.0552317,93280001,0.398,04305,SR 704,US 1,S SIDE RD RIGHT,R RIGHT TURN,S SOUTH,40 URBAN ONE WAY,05 LOCAL,01 NON-JUNCTION,01 ON ROADWAY,02 FOUR-WAY INTERSECTION,03 CURB,38,"June 2, 2014",14 URBAN PRIN ART OTHER,44,CURB&GUTTER,2,,0,,0,,23500,RCI,2,2D2523,35,1 NO INJURY,31 Q/C COMPLETED - LOC VERIFIED,0 NO,03 INFLUENCED BY INTERSECTION,01 DAYLIGHT,01 CLEAR,01 DRY,01 LEVEL,1 STRAIGHT,"TWO-WAY, DIVIDED, UNPROTECTED","TWO-WAY, DIVIDED, UNPROTECTED",TRAFFIC CONTROL SIGNAL,TRAFFIC CONTROL SIGNAL,4,NONE,NOT CODED,NOT CODED,NONE,NOT CODED,NOT CODED,14 MOTOR VEHICLE IN TRANSPORT,01 FRONT TO REAR,01 STRAIGHT AHEAD,FOLLOWED TOO CLOSELY,NO CONTRIBUTING ACTION,00 NOT CODED,00 NOT CODED,00 NOT CODED,00 NOT CODED,01 NO,0,0,0,0,3,0,3,3,N,N,N,Y,N,N,N,N,N,N,Y,N,N,N,N,N,N,N,N,N,N,N,N,N,N,N,26.706385075,-80.055233457,593979.96495,2954263.609135,O,,ARBM15Q1R2,"February 27, 2022",1325987,-8911708.120566621,3086836.7064044364
2016866172740,2016,866172740,20160012696,COUNTY SHERIFF'S OFFICE,04 FOURTH,PALM BEACH,"July 13, 2016",0055,THURSDAY,9394 WEST PALM BEACH,0694,Y,OKEECHOBEE BLVD,SEMINOLE BLVD,0.019,W,0,0,26.7065381,-80.0953654,93280000,6.512,01740,SR 704,,L LEFT,3 THRU LANE 3,N NORTH,30 URBAN 6+LN 2WY DIVD RASD,04 COUNTY,01 NON-JUNCTION,01 ON ROADWAY,01 NOT AT INTERSECTION,03 CURB,31,"June 2, 2014",14 URBAN PRIN ART OTHER,43,PAVED,3,CURB&GUTTER,2,,0,19,47500,RCI,2.8,,45,1 NO INJURY,31 Q/C COMPLETED - LOC VERIFIED,0 NO,04 DRIVEWAY ACCESS,04 DARK-LIGHTED,01 CLEAR,01 DRY,01 LEVEL,1 STRAIGHT,"TWO-WAY, DIVIDED, POSITIVE MED","TWO-WAY, DIVIDED, POSITIVE MED",NO CONTROLS,NO CONTROLS,8,NONE,NOT CODED,NOT CODED,NONE,NOT CODED,NOT CODED,14 MOTOR VEHICLE IN TRANSPORT,77 OTHER (SEE NARRATIVE),01 STRAIGHT AHEAD,IMPROPER BACKING,NO CONTRIBUTING ACTION,00 NOT CODED,00 NOT CODED,00 NOT CODED,00 NOT CODED,01 NO,0,0,0,0,2,0,2,2,N,N,Y,N,N,N,N,N,N,N,N,N,N,N,N,N,N,N,N,N,N,N,N,N,N,N,26.706676694,-80.095200435,590003.846834,2954267.066688,L,,ARBM15Q1R2,"February 27, 2022",1325988,-8916157.22548635,3086873.045940917
2016838150450,2016,838150450,FHPL16OFF019079,FLORIDA HIGHWAY PATROL,04 FOURTH,PALM BEACH,"March 18, 2016",1135,SATURDAY,9394 WEST PALM BEACH,0694,N,I 95,SR 882,0.152,N,26.65531,-80.0693899,26.6578922,-80.0699334,93220000,23.692,02262,SR 9,I 95,R RIGHT,3 THRU LANE 3,N NORTH,01 INTERSTATE URBAN,01 INTERSTATE,01 NON-JUNCTION,01 ON ROADWAY,01 NOT AT INTERSECTION,01 PAVED,35,"June 2, 2015",11 URBAN PRIN ART INT.,64,PAVED,10,VALLEY GUTR,3,,0,32,230000,RCI,5.7,,65,2 POSSIBLE INJURY,31 Q/C COMPLETED - LOC VERIFIED,0 NO,01 NOT AT INTERSECTION/RRX/BRIDGE,01 DAYLIGHT,02 CLOUDY,01 DRY,01 LEVEL,1 STRAIGHT,"TWO-WAY, DIVIDED, POSITIVE MED","TWO-WAY, DIVIDED, POSITIVE MED",NO CONTROLS,NO CONTROLS,10,NONE,NOT CODED,NOT CODED,NONE,NOT CODED,NOT CODED,14 MOTOR VEHICLE IN TRANSPORT,01 FRONT TO REAR,01 STRAIGHT AHEAD,OPERATED MV IN CARLESS OR NEGL,NO CONTRIBUTING ACTION,00 NOT CODED,00 NOT CODED,00 NOT CODED,00 NOT CODED,01 NO,4,0,0,0,2,0,2,4,N,N,N,N,N,N,N,N,N,N,N,N,N,N,N,N,N,N,N,N,N,N,N,N,N,N,26.657651791,-80.06987882,592562.402096,2948855.050989,R,,ARBM15Q1R2,"February 27, 2022",1326162,-8913338.435102705,3080765.1997739957
2016838150460,2016,838150460,FHPL16OFF019148,FLORIDA HIGHWAY PATROL,04 FOURTH,PALM BEACH,"March 18, 2016",1425,SATURDAY,9394 WEST PALM BEACH,0694,N,SR 9,SR 786,1,S,26.78342,-80.09784,26.8261558,-80.0973989,93220000,35.936,06144,SR 9,I 95,L LEFT,1 THRU LANE 1,0,01 INTERSTATE URBAN,01 INTERSTATE,01 NON-JUNCTION,01 ON ROADWAY,01 NOT AT INTERSECTION,01 PAVED,34,"June 2, 2015",11 URBAN PRIN ART INT.,78,PAVED WARN,10,,0,,0,32,171500,RCI,7.3,,65,1 NO INJURY,31 Q/C COMPLETED - LOC VERIFIED,0 NO,01 NOT AT INTERSECTION/RRX/BRIDGE,01 DAYLIGHT,03 RAIN,02 WET,00 NOT CODED,0 NOT CODED,"TWO-WAY, DIVIDED, POSITIVE MED","TWO-WAY, DIVIDED, POSITIVE MED",NO CONTROLS,NO CONTROLS,11,"RD SURFC (WET, ICY, SNOW, ETC)",NOT CODED,NOT CODED,NONE,NOT CODED,NOT CODED,14 MOTOR VEHICLE IN TRANSPORT,01 FRONT TO REAR,00 NOT CODED,NOT CODED,NO CONTRIBUTING ACTION,00 NOT CODED,00 NOT CODED,00 NOT CODED,00 NOT CODED,01 NO,0,0,0,0,2,0,3,6,N,N,N,N,N,N,N,N,N,N,N,N,N,N,N,N,N,N,N,N,Y,N,N,N,N,N,26.825996992,-80.097700842,589661.368594,2967481.668196,L,,ARBM15Q1R2,"February 27, 2022",1326163,-8916435.569891589,3101749.759674222
2016866185440,2016,866185440,20160017140,COUNTY SHERIFF'S OFFICE,04 FOURTH,PALM BEACH,"September 21, 2016",2311,THURSDAY,9394 WEST PALM BEACH,0694,Y,36TH ST,N AUSTRALIAN AVE,0,W,0,0,26.745932,-80.069765,93000129,0.004,,,,I INTERSECTION,M MIDDLE,N NORTH,,03 STATE,02 INTERSECTION,01 ON ROADWAY,03 T-INTERSECTION,03 CURB,0,"December 31, 2000",,,,0,,0,,0,,,RCI,0,,,3 NO-INCAPACITATING INJURY,33 Q/C VERIFIED AS OFF-SYSTEM,0 NO,02 AT INTERSECTION,04 DARK-LIGHTED,01 CLEAR,01 DRY,01 LEVEL,1 STRAIGHT,"TWO-WAY, DIVIDED, POSITIVE MED","TWO-WAY, DIVIDED, POSITIVE MED",NO CONTROLS,NO CONTROLS,,NONE,NOT CODED,NOT CODED,NONE,NOT CODED,NOT CODED,14 MOTOR VEHICLE IN TRANSPORT,03 ANGLE,01 STRAIGHT AHEAD,OTHER CONTRIBUTING ACTION,OTHER CONTRIBUTING ACTION,00 NOT CODED,00 NOT CODED,00 NOT CODED,00 NOT CODED,01 NO,2,0,0,0,2,0,2,2,N,N,N,Y,N,N,N,N,N,N,N,N,N,N,N,N,N,N,N,N,N,N,N,N,N,N,26.745935066,-80.069767329,592502.1528,2958633.678,L,U,ARBM15Q1R2,"February 27, 2022",1326415,-8913326.024321508,3091766.00903313
2016866185450,2016,866185450,20160017146,COUNTY SHERIFF'S OFFICE,04 FOURTH,PALM BEACH,"September 22, 2016",0323,FRIDAY,9394 WEST PALM BEACH,0694,Y,34TH ST,,0.009,W,0,0,26.744107,-80.054808,93A06914,0.099,,,,R RIGHT,P PARKING,W WEST,,05 LOCAL,01 NON-JUNCTION,01 ON ROADWAY,01 NOT AT INTERSECTION,01 PAVED,0,"December 31, 2000",,,,0,,0,,0,,,RCI,0,,,0 UNKNOWN/NOT CODED,33 Q/C VERIFIED AS OFF-SYSTEM,0 NO,01 NOT AT INTERSECTION/RRX/BRIDGE,04 DARK-LIGHTED,01 CLEAR,01 DRY,01 LEVEL,1 STRAIGHT,"TWO-WAY, NOT DIVIDED","TWO-WAY, NOT DIVIDED",NO CONTROLS,NO CONTROLS,,NONE,NONE,NONE,NONE,NONE,NONE,15 PARKED MOTOR VEHICLE,"04 SIDESWIPE, SAME DIRECTION",01 STRAIGHT AHEAD,NOT CODED,NOT CODED,00 NOT CODED,00 NOT CODED,00 NOT CODED,00 NOT CODED,01 NO,0,0,0,0,0,0,2,0,N,N,N,N,Y,N,N,N,N,N,N,N,N,N,N,N,N,N,N,N,N,N,N,N,N,N,26.74410849,-80.054807958,593991.29205,2958442.316652,C,U,ARBM15Q1R2,"February 27, 2022",1326416,-8911660.754200479,3091538.3165454064
2016866185460,2016,866185460,20160017149,COUNTY SHERIFF'S OFFICE,04 FOURTH,PALM BEACH,"September 22, 2016",0742,FRIDAY,9394 WEST PALM BEACH,0694,N,OKEECHOBEE BLVD,I 95,0.057,W,0,0,26.7059398,-80.0745512,93280000,7.798,04639,SR 704,,R RIGHT,4 THRU LANE 4,E EAST,30 URBAN 6+LN 2WY DIVD RASD,05 LOCAL,01 NON-JUNCTION,01 ON ROADWAY,01 NOT AT INTERSECTION,03 CURB,32,"June 2, 2014",14 URBAN PRIN ART OTHER,34,PAVED WARN,16,CURB&GUTTER,2,,0,21,66000,RCI,2.5,,45,1 NO INJURY,31 Q/C COMPLETED - LOC VERIFIED,0 NO,03 INFLUENCED BY INTERSECTION,01 DAYLIGHT,01 CLEAR,01 DRY,01 LEVEL,1 STRAIGHT,"TWO-WAY, DIVIDED, POSITIVE MED","TWO-WAY, DIVIDED, POSITIVE MED",NO CONTROLS,NO CONTROLS,7,NONE,NOT CODED,NOT CODED,NONE,NOT CODED,NOT CODED,14 MOTOR VEHICLE IN TRANSPORT,01 FRONT TO REAR,01 STRAIGHT AHEAD,FOLLOWED TOO CLOSELY,NO CONTRIBUTING ACTION,00 NOT CODED,00 NOT CODED,00 NOT CODED,00 NOT CODED,01 NO,0,0,0,0,3,0,3,3,N,N,N,Y,N,N,N,N,N,N,N,N,N,N,N,N,N,N,N,N,N,N,N,N,N,N,26.70591578,-80.074603526,592053.417141,2954197.493903,R,,ARBM15Q1R2,"February 27, 2022",1326417,-8913864.387385383,3086778.22616127
2016866185480,2016,866185480,20160017155,COUNTY SHERIFF'S OFFICE,04 FOURTH,PALM BEACH,"September 22, 2016",0838,FRIDAY,9394 WEST PALM BEACH,0694,Y,S AUSTRALIAN AVE,BANYAN BLVD,0.047,S,0,0,26.713262,-80.065462,93025500,0.423,,,,L LEFT,2 THRU LANE 2,0,,05 LOCAL,14 ENTRANCE/EXIT RAMP,01 ON ROADWAY,01 NOT AT INTERSECTION,03 CURB,0,"December 31, 2000",,,,0,,0,,0,,,RCI,0,,,1 NO INJURY,33 Q/C VERIFIED AS OFF-SYSTEM,0 NO,07 ENTRANCE RAMP,01 DAYLIGHT,01 CLEAR,01 DRY,00 NOT CODED,0 NOT CODED,NOT CODED,"TWO-WAY, DIVIDED, POSITIVE MED",NOT CODED,NO CONTROLS,,NONE,NOT CODED,NOT CODED,NONE,NOT CODED,NOT CODED,14 MOTOR VEHICLE IN TRANSPORT,03 ANGLE,00 NOT CODED,NOT CODED,NO CONTRIBUTING ACTION,00 NOT CODED,00 NOT CODED,00 NOT CODED,00 NOT CODED,01 NO,0,0,0,0,1,0,2,1,N,N,N,N,N,N,N,N,N,N,N,N,N,N,N,N,N,N,N,N,N,N,N,N,N,N,26.713260367,-80.065464753,592956.576317,2955017.638101,L,U,ARBM15Q1R2,"February 27, 2022",1326418,-8912847.063515434,3087693.4835810577
2016866178750,2016,866178750,20160014713,COUNTY SHERIFF'S OFFICE,04 FOURTH,PALM BEACH,"August 15, 2016",0759,TUESDAY,9394 WEST PALM BEACH,0694,Y,S AUSTRALIAN AVE,BELVEDERE RD,0.085,N,0,0,26.692209,-80.074846,93650000,1.165,,,,R RIGHT,3 THRU LANE 3,N NORTH,,04 COUNTY,01 NON-JUNCTION,01 ON ROADWAY,01 NOT AT INTERSECTION,03 CURB,0,"December 31, 2000",,,,0,,0,,0,,,RCI,0,,,1 NO INJURY,33 Q/C VERIFIED AS OFF-SYSTEM,0 NO,01 NOT AT INTERSECTION/RRX/BRIDGE,01 DAYLIGHT,01 CLEAR,01 DRY,01 LEVEL,1 STRAIGHT,"TWO-WAY, DIVIDED, POSITIVE MED","TWO-WAY, DIVIDED, POSITIVE MED",NO CONTROLS,NO CONTROLS,,NONE,NOT CODED,NOT CODED,NONE,NOT CODED,NOT CODED,15 PARKED MOTOR VEHICLE,"04 SIDESWIPE, SAME DIRECTION",01 STRAIGHT AHEAD,OPERATED MV IN CARLESS OR NEGL,NO CONTRIBUTING ACTION,00 NOT CODED,00 NOT CODED,00 NOT CODED,00 NOT CODED,01 NO,0,0,0,0,2,0,2,2,N,N,Y,N,Y,N,N,N,N,N,N,N,N,N,N,N,N,N,N,N,N,N,N,N,N,N,26.692209008,-80.074843999,592040.5104,2952679.114996,R,U,ARBM15Q1R2,"February 27, 2022",1326459,-8913891.156614833,3085070.2928838776
2016866178760,2016,866178760,20160014714,COUNTY SHERIFF'S OFFICE,04 FOURTH,PALM BEACH,"August 15, 2016",0734,TUESDAY,9394 WEST PALM BEACH,0694,Y,SR 704,I 95,0.028,W,0,0,26.7060539,-80.0771058,93280000,7.64,04643,SR 704,,R RIGHT,R RIGHT TURN,E EAST,30 URBAN 6+LN 2WY DIVD RASD,03 STATE,01 NON-JUNCTION,01 ON ROADWAY,01 NOT AT INTERSECTION,03 CURB,32,"June 2, 2014",14 URBAN PRIN ART OTHER,43,PAVED,4,CURB&GUTTER,2,,0,21,64500,RCI,4.8,,45,1 NO INJURY,31 Q/C COMPLETED - LOC VERIFIED,0 NO,03 INFLUENCED BY INTERSECTION,01 DAYLIGHT,01 CLEAR,01 DRY,01 LEVEL,1 STRAIGHT,"TWO-WAY, DIVIDED, POSITIVE MED",ONE-WAY TRAFFICWAY,TRAFFIC CONTROL SIGNAL,NO CONTROLS,8,NONE,NOT CODED,NOT CODED,NONE,NOT CODED,NOT CODED,14 MOTOR VEHICLE IN TRANSPORT,03 ANGLE,06 CHANGING LANES,NOT CODED,NO CONTRIBUTING ACTION,00 NOT CODED,00 NOT CODED,00 NOT CODED,00 NOT CODED,01 NO,0,0,0,0,2,0,3,2,N,N,N,Y,N,N,N,N,N,N,N,N,N,N,N,N,N,N,N,N,N,N,N,N,N,N,26.706028569,-80.077162416,591798.768975,2954208.141444,R,,ARBM15Q1R2,"February 27, 2022",1326460,-8914149.241740065,3086792.2810334233
2016866195950,2016,866195950,20160020903,COUNTY SHERIFF'S OFFICE,04 FOURTH,PALM BEACH,"November 18, 2016",1413,SATURDAY,9394 WEST PALM BEACH,0694,Y,FRANCIS ST,PARKER AVE,0.057,E,0,0,26.670139,-80.062361,93A12814,0.057,,,,R RIGHT,1 THRU LANE 1,E EAST,,05 LOCAL,01 NON-JUNCTION,01 ON ROADWAY,01 NOT AT INTERSECTION,03 CURB,0,"December 31, 2000",,,,0,,0,,0,,,RCI,0,,,1 NO INJURY,33 Q/C VERIFIED AS OFF-SYSTEM,2 DRG,01 NOT AT INTERSECTION/RRX/BRIDGE,01 DAYLIGHT,01 CLEAR,01 DRY,01 LEVEL,1 STRAIGHT,"TWO-WAY, NOT DIVIDED","TWO-WAY, NOT DIVIDED",NO CONTROLS,NO CONTROLS,,NONE,NOT CODED,NOT CODED,NONE,NOT CODED,NOT CODED,14 MOTOR VEHICLE IN TRANSPORT,03 ANGLE,01 STRAIGHT AHEAD,OTHER CONTRIBUTING ACTION,NOT CODED,00 NOT CODED,00 NOT CODED,00 NOT CODED,00 NOT CODED,01 NO,0,0,0,0,1,0,2,1,N,N,N,N,N,N,N,N,N,N,N,N,N,N,N,N,N,N,N,N,N,N,N,N,N,N,26.670138633,-80.062361028,593300.42838,2950243.601138,C,U,ARBM15Q1R2,"February 27, 2022",1326468,-8912501.55815101,3082320.643783908
2016866198600,2016,866198600,20160021889,COUNTY SHERIFF'S OFFICE,04 FOURTH,PALM BEACH,"December 4, 2016",1809,MONDAY,9394 WEST PALM BEACH,0694,Y,QUADRILLE BLVD,OLIVE AVE,0,,0,0,26.7184129,-80.0517904,93060000,28.786,00268,SR A1A,,R RIGHT,1 THRU LANE 1,0,05 URBAN OTHER LIMITED ACCESS,05 LOCAL,02 INTERSECTION,01 ON ROADWAY,03 T-INTERSECTION,03 CURB,32,"June 7, 2011",17 URBAN MAJOR COLLECTOR,40,PAVED,6,CURB&GUTTER,2,,0,,18000,RCI,3.3,,35,0 UNKNOWN/NOT CODED,31 Q/C COMPLETED - LOC VERIFIED,0 NO,02 AT INTERSECTION,04 DARK-LIGHTED,01 CLEAR,01 DRY,00 NOT CODED,0 NOT CODED,NOT CODED,ONE-WAY TRAFFICWAY,NOT CODED,WARNING SIGN,4,WORK ZONE (CONST/MNT/UTLTY)NTE,NOT CODED,NOT CODED,NONE,NOT CODED,NOT CODED,35 TRAFFIC SIGNAL SUPPORT,01 FRONT TO REAR,00 NOT CODED,NOT CODED,NOT CODED,04 ACTIVITY AREA,01 LANE CLOSURE,88 UNKNOWN,01 NO,01 NO,0,0,0,0,0,0,2,0,N,Y,N,Y,N,N,N,N,N,N,N,N,N,N,N,N,N,N,N,N,N,N,N,N,N,N,26.71844515,-80.051783807,594313.196797,2955601.976748,C,,ARBM15Q1R2,"February 27, 2022",1326469,-8911324.107146325,3088339.62907483