Crash Id,Calendar Year,FDOT Crash Number,Reporting Agency Case Number,Reporting Agency Type,FDOT Managing District,County Name,Crash Date,Crash Time,Day,DHSMV City,Crash Report City Code,In Town,On Roadway Name,Int Roadway Name,Reference Distance (Miles),Reference Direction,Officer Latitude,Officer Longitude,FDOT Latitude,FDOT Longitude,FDOT Roadway,Nearest Inventory MP,Nearest Node From Crash,State Road #,US Highway,Crash Side of Road,Accident Lane Number,Travel Direction Vehicle 1,FDOT Road Category,DHSMV Road System Id,Relation to Junction,Crash Harmful Event Location,Intersection Type,Shoulder Type,FDOT Roadway SKID Test Result,FDOT Roadway SKID Test Date,Functional Class,RCI Surface Width,RCI Shoulder Type First,RCI Shoulder Width First,RCI Shoulder Type Second,RCI Shoulder Width Second,RCI Shoulder Type Third,RCI Shoulder Width Third,RCI Median Width,Avg Daily Traffic,AADT Source,RCI Avg Per Truck Traffic,RCI Horiz Curve Condition,Posted Speed Limit,Highest Injury in Crash,CAR Status Code,Alcohols/Drug Involved,Site Location,Lighting,Weather,Road Surface,Roadway Grade,Roadway Alignment,Traffic Way Vehicle 1,Traffic Way Vehicle 2,Traffic Control Vehicle 1,Traffic Control Vehicle 2,Count of Lanes,Road Condition 1,Road Condition 2,Road Condition 3,Environment Condition 1,Environment Condition 2,Environment Condition 3,Crash Harmful Event,Manner of Collision,Vehicle Movement,Driver Action Vehicle 1,Driver Action Vehicle 2,Location Within Workzone,Type of Workzone,Workers Present in Workzone,Law Enforcement Present in Workzone,School Bus Related,Count of Nonfatal Injuries,Count of Traffic Fatalities,Count of Serious Injuries,Count of Pedestrians,Count of Drivers,Count of Bicyclists,Count of Vehicles,Count of Persons,Wrong Way,Workzone Inv,Commercial Vehicle Inv,Intersection Inv,Lane Departure,Speeding,Agressive Driving,Impaired Driver,Impaired Pedestrian,Impaired Bicyclist,Distracted Driver,Speeding or Aggressive Driving,Pedestrian Related,Bicyclist Related,Pedestrian or Bicyclist Related,Motorcycle Inv,No Belt,No Belt - Ages 1-4,No Belt - Ages 5-12,No Belt - Ages 13-17,Driver - Ages Teen,Driver - Ages 65 plus,Driver - Ages 65-69,Driver - Ages 70-74,Driver - Ages 75-79,Driver - Ages 80 plus,ARBM Latitude,ARBM Longitude,UTM Zone 17N X,UTM Zone 17N Y,ARBM Side of Road,Urban Rural Indicator,GIS Street Source,Extract Date,OBJECTID,x,y
2016866179070,2016,866179070,20160014821,COUNTY SHERIFF'S OFFICE,04 FOURTH,PALM BEACH,"August 16, 2016",1658,WEDNESDAY,9394 WEST PALM BEACH,0694,Y,SR 704,I 95,0.019,W,0,0,26.7060475,-80.0769604,93280000,7.649,04643,SR 704,,R RIGHT,4 THRU LANE 4,E EAST,30 URBAN 6+LN 2WY DIVD RASD,03 STATE,01 NON-JUNCTION,01 ON ROADWAY,01 NOT AT INTERSECTION,03 CURB,32,"June 2, 2014",14 URBAN PRIN ART OTHER,34,PAVED,4,CURB&GUTTER,2,,0,21,64500,RCI,4.8,,45,2 POSSIBLE INJURY,31 Q/C COMPLETED - LOC VERIFIED,0 NO,03 INFLUENCED BY INTERSECTION,01 DAYLIGHT,01 CLEAR,01 DRY,00 NOT CODED,0 NOT CODED,NOT CODED,"TWO-WAY, DIVIDED, POSITIVE MED",NOT CODED,NO CONTROLS,7,NONE,NOT CODED,NOT CODED,NONE,NOT CODED,NOT CODED,14 MOTOR VEHICLE IN TRANSPORT,01 FRONT TO REAR,00 NOT CODED,NOT CODED,NO CONTRIBUTING ACTION,00 NOT CODED,00 NOT CODED,00 NOT CODED,00 NOT CODED,01 NO,1,0,0,0,1,0,2,1,N,N,N,Y,N,N,N,N,N,N,N,N,N,N,N,N,N,N,N,N,N,N,N,N,N,N,26.706021785,-80.077016562,591813.283951,2954207.495106,R,,ARBM15Q1R2,"February 27, 2022",1328811,-8914133.005276257,3086791.4357432644
2016866179100,2016,866179100,20160014844,COUNTY SHERIFF'S OFFICE,04 FOURTH,PALM BEACH,"August 17, 2016",0744,THURSDAY,9394 WEST PALM BEACH,0694,Y,PALM BEACH LAKES BLVD,N ROBBINS DR,0.057,E,0,0,26.716774,-80.09159,93014500,0.896,,,,L LEFT,1 THRU LANE 1,W WEST,,04 COUNTY,03 INTERSECTION-RELATED,01 ON ROADWAY,01 NOT AT INTERSECTION,03 CURB,0,"December 31, 2000",,,,0,,0,,0,,,RCI,0,,,1 NO INJURY,33 Q/C VERIFIED AS OFF-SYSTEM,0 NO,03 INFLUENCED BY INTERSECTION,01 DAYLIGHT,01 CLEAR,01 DRY,01 LEVEL,1 STRAIGHT,"TWO-WAY, DIVIDED, POSITIVE MED","TWO-WAY, DIVIDED, POSITIVE MED",NO CONTROLS,NO CONTROLS,,NONE,NOT CODED,NOT CODED,NONE,NOT CODED,NOT CODED,14 MOTOR VEHICLE IN TRANSPORT,01 FRONT TO REAR,01 STRAIGHT AHEAD,OPERATED MV IN CARLESS OR NEGL,NO CONTRIBUTING ACTION,00 NOT CODED,00 NOT CODED,00 NOT CODED,00 NOT CODED,01 NO,0,0,0,0,2,0,2,2,N,N,N,Y,N,N,N,N,N,N,N,N,N,N,N,N,N,N,N,N,N,N,N,N,N,N,26.716775631,-80.091592322,590354.804996,2955388.208245,L,U,ARBM15Q1R2,"February 27, 2022",1328812,-8915755.57206267,3088131.564528408
2016866191650,2016,866191650,20160019415,COUNTY SHERIFF'S OFFICE,04 FOURTH,PALM BEACH,"October 27, 2016",1532,FRIDAY,9394 WEST PALM BEACH,0694,Y,OLIVE AVE,4TH ST,0.019,S,0,0,26.716702,-80.051823,93020000,8.596,,,,R RIGHT,1 THRU LANE 1,N NORTH,,05 LOCAL,01 NON-JUNCTION,01 ON ROADWAY,01 NOT AT INTERSECTION,03 CURB,0,"December 31, 2000",,,,0,,0,,0,,,RCI,0,,,1 NO INJURY,33 Q/C VERIFIED AS OFF-SYSTEM,0 NO,03 INFLUENCED BY INTERSECTION,01 DAYLIGHT,01 CLEAR,01 DRY,01 LEVEL,1 STRAIGHT,ONE-WAY TRAFFICWAY,ONE-WAY TRAFFICWAY,NO CONTROLS,NO CONTROLS,,NONE,NOT CODED,NOT CODED,NONE,NOT CODED,NOT CODED,14 MOTOR VEHICLE IN TRANSPORT,"04 SIDESWIPE, SAME DIRECTION",01 STRAIGHT AHEAD,FAILED TO YIELD RIGHT-OF-WAY,NO CONTRIBUTING ACTION,00 NOT CODED,00 NOT CODED,00 NOT CODED,00 NOT CODED,01 NO,0,0,0,0,2,0,2,5,N,N,N,Y,N,N,N,N,N,N,N,N,N,N,N,N,N,N,N,N,Y,N,N,N,N,N,26.716702004,-80.051823272,594310.707964,2955408.869987,O,U,ARBM15Q1R2,"February 27, 2022",1328824,-8911328.500275051,3088122.3890576675
2016866191680,2016,866191680,20160019420,COUNTY SHERIFF'S OFFICE,04 FOURTH,PALM BEACH,"October 27, 2016",1625,FRIDAY,9394 WEST PALM BEACH,0694,Y,OKEECHOBEE BLVD,CHILLINGWORTH DR,0,,0,0,26.7062053,-80.0819296,93280000,7.342,01746,SR 704,,I INTERSECTION,M MIDDLE,N NORTH,30 URBAN 6+LN 2WY DIVD RASD,05 LOCAL,02 INTERSECTION,01 ON ROADWAY,02 FOUR-WAY INTERSECTION,03 CURB,31,"June 2, 2014",14 URBAN PRIN ART OTHER,43,PAVED,3,CURB&GUTTER,2,,0,19,47500,RCI,2.8,,45,2 POSSIBLE INJURY,31 Q/C COMPLETED - LOC VERIFIED,0 NO,02 AT INTERSECTION,01 DAYLIGHT,01 CLEAR,01 DRY,01 LEVEL,1 STRAIGHT,"TWO-WAY, DIVIDED, UNPROTECTED","TWO-WAY, DIVIDED, UNPROTECTED",NO CONTROLS,NO CONTROLS,8,NONE,NOT CODED,NOT CODED,NONE,NOT CODED,NOT CODED,14 MOTOR VEHICLE IN TRANSPORT,03 ANGLE,06 CHANGING LANES,OPERATED MV IN CARLESS OR NEGL,NO CONTRIBUTING ACTION,00 NOT CODED,00 NOT CODED,00 NOT CODED,00 NOT CODED,01 NO,1,0,0,0,2,0,2,3,N,N,N,Y,N,N,N,N,N,N,N,N,N,N,N,N,N,N,N,N,N,N,N,N,N,N,26.706167617,-80.081992696,591318.143887,2954220.073492,R,,ARBM15Q1R2,"February 27, 2022",1328825,-8914686.946156317,3086809.6082970724
2016866198320,2016,866198320,20160021753,COUNTY SHERIFF'S OFFICE,04 FOURTH,PALM BEACH,"December 2, 2016",1449,SATURDAY,9394 WEST PALM BEACH,0694,Y,PALM BEACH LAKES,7TH ST,0.019,W,0,0,26.724935,-80.075821,93014500,2.121,,,,R RIGHT,1 THRU LANE 1,E EAST,,05 LOCAL,01 NON-JUNCTION,01 ON ROADWAY,01 NOT AT INTERSECTION,03 CURB,0,"December 31, 2000",,,,0,,0,,0,,,RCI,0,,,1 NO INJURY,33 Q/C VERIFIED AS OFF-SYSTEM,0 NO,01 NOT AT INTERSECTION/RRX/BRIDGE,01 DAYLIGHT,01 CLEAR,01 DRY,01 LEVEL,1 STRAIGHT,"TWO-WAY, DIVIDED, POSITIVE MED","TWO-WAY, DIVIDED, POSITIVE MED",NO CONTROLS,NO CONTROLS,,NONE,NOT CODED,NOT CODED,NONE,NOT CODED,NOT CODED,14 MOTOR VEHICLE IN TRANSPORT,01 FRONT TO REAR,04 BACKING,IMPROPER BACKING,NO CONTRIBUTING ACTION,00 NOT CODED,00 NOT CODED,00 NOT CODED,00 NOT CODED,01 NO,0,0,0,0,2,0,2,2,N,N,N,N,N,N,N,N,N,N,N,N,N,N,N,N,N,N,N,N,N,N,N,N,N,N,26.724934274,-80.075821027,591917.023666,2956303.168102,R,U,ARBM15Q1R2,"February 27, 2022",1328831,-8913999.919014849,3089148.3675653124
2016866170600,2016,866170600,20160011826,COUNTY SHERIFF'S OFFICE,04 FOURTH,PALM BEACH,"June 29, 2016",1705,THURSDAY,9394 WEST PALM BEACH,0694,Y,GEORGIA AVE,SELKIRK ST,0,E,0,0,26.667291,-80.058761,93000044,0.831,,,,I INTERSECTION,M MIDDLE,N NORTH,,05 LOCAL,02 INTERSECTION,01 ON ROADWAY,03 T-INTERSECTION,01 PAVED,0,"December 31, 2000",,,,0,,0,,0,,,RCI,0,,,1 NO INJURY,33 Q/C VERIFIED AS OFF-SYSTEM,0 NO,02 AT INTERSECTION,01 DAYLIGHT,01 CLEAR,01 DRY,01 LEVEL,1 STRAIGHT,"TWO-WAY, NOT DIVIDED","TWO-WAY, NOT DIVIDED",NO CONTROLS,NO CONTROLS,,NONE,NOT CODED,NOT CODED,NONE,NOT CODED,NOT CODED,14 MOTOR VEHICLE IN TRANSPORT,02 FRONT TO FRONT,03 TURNING LEFT,NOT CODED,NO CONTRIBUTING ACTION,00 NOT CODED,00 NOT CODED,00 NOT CODED,00 NOT CODED,01 NO,0,0,0,0,1,0,2,1,N,N,N,Y,N,N,N,N,N,N,N,N,N,N,N,N,N,N,N,N,N,N,N,N,N,N,26.667290915,-80.058757457,593661.349502,2949930.818698,C,U,ARBM15Q1R2,"February 27, 2022",1328833,-8912100.410391448,3081965.898186369
2016866170620,2016,866170620,20160011829,COUNTY SHERIFF'S OFFICE,04 FOURTH,PALM BEACH,"June 29, 2016",1747,THURSDAY,9394 WEST PALM BEACH,0694,Y,S AUSTRALIAN AVE,MERCER AVE,0.047,S,0,0,26.702286,-80.068476,93650000,2,,,,L LEFT,1 THRU LANE 1,S SOUTH,,04 COUNTY,01 NON-JUNCTION,01 ON ROADWAY,01 NOT AT INTERSECTION,03 CURB,0,"December 31, 2000",,,,0,,0,,0,,,RCI,0,,,2 POSSIBLE INJURY,33 Q/C VERIFIED AS OFF-SYSTEM,0 NO,01 NOT AT INTERSECTION/RRX/BRIDGE,01 DAYLIGHT,01 CLEAR,01 DRY,01 LEVEL,1 STRAIGHT,"TWO-WAY, DIVIDED, POSITIVE MED","TWO-WAY, DIVIDED, POSITIVE MED",NO CONTROLS,NO CONTROLS,,NONE,NOT CODED,NOT CODED,NONE,NOT CODED,NOT CODED,14 MOTOR VEHICLE IN TRANSPORT,01 FRONT TO REAR,01 STRAIGHT AHEAD,FOLLOWED TOO CLOSELY,NO CONTRIBUTING ACTION,00 NOT CODED,00 NOT CODED,00 NOT CODED,00 NOT CODED,01 NO,1,0,0,0,2,0,2,5,N,N,N,N,N,N,N,N,N,N,N,N,N,N,N,N,N,N,N,N,N,Y,N,N,Y,N,26.702285707,-80.068475644,592665.955616,2953799.854763,L,U,ARBM15Q1R2,"February 27, 2022",1328834,-8913182.234446257,3086325.880772499
2016866170640,2016,866170640,20160011838,COUNTY SHERIFF'S OFFICE,04 FOURTH,PALM BEACH,"June 29, 2016",2018,THURSDAY,9394 WEST PALM BEACH,0694,Y,SAPODILLA AVE,BANYAN BLVD,0,E,0,0,26.714549,-80.058653,93000299,0.59,,,,I INTERSECTION,M MIDDLE,W WEST,,05 LOCAL,01 NON-JUNCTION,01 ON ROADWAY,02 FOUR-WAY INTERSECTION,03 CURB,0,"December 31, 2000",,,,0,,0,,0,,,RCI,0,,,1 NO INJURY,33 Q/C VERIFIED AS OFF-SYSTEM,0 NO,01 NOT AT INTERSECTION/RRX/BRIDGE,04 DARK-LIGHTED,01 CLEAR,01 DRY,01 LEVEL,1 STRAIGHT,"TWO-WAY, NOT DIVIDED","TWO-WAY, NOT DIVIDED",TRAFFIC CONTROL SIGNAL,TRAFFIC CONTROL SIGNAL,,NONE,NOT CODED,NOT CODED,NONE,NOT CODED,NOT CODED,14 MOTOR VEHICLE IN TRANSPORT,03 ANGLE,03 TURNING LEFT,FAILED TO YIELD RIGHT-OF-WAY,NO CONTRIBUTING ACTION,00 NOT CODED,00 NOT CODED,00 NOT CODED,00 NOT CODED,01 NO,0,0,0,0,2,0,2,2,N,N,N,N,Y,N,N,N,N,N,N,N,N,N,N,N,N,N,N,N,N,N,N,N,N,N,26.714545073,-80.058657334,593632.6837,2955164.9204,C,U,ARBM15Q1R2,"February 27, 2022",1328835,-8912089.264827445,3087853.585355149
2016866190390,2016,866190390,20160018944,COUNTY SHERIFF'S OFFICE,04 FOURTH,PALM BEACH,"October 20, 2016",0817,FRIDAY,9394 WEST PALM BEACH,0694,Y,PRESIDIO PL,N CONGRESS AVE,0.019,E,0,0,26.716517,-80.080982,93A11439,0.371,,,,L LEFT,1 THRU LANE 1,E EAST,,05 LOCAL,01 NON-JUNCTION,01 ON ROADWAY,01 NOT AT INTERSECTION,03 CURB,0,"December 31, 2000",,,,0,,0,,0,,,RCI,0,,,1 NO INJURY,33 Q/C VERIFIED AS OFF-SYSTEM,0 NO,03 INFLUENCED BY INTERSECTION,01 DAYLIGHT,01 CLEAR,01 DRY,01 LEVEL,1 STRAIGHT,"TWO-WAY, NOT DIVIDED","TWO-WAY, NOT DIVIDED",NO CONTROLS,STOP SIGN,,NONE,NOT CODED,NOT CODED,NONE,NOT CODED,NOT CODED,14 MOTOR VEHICLE IN TRANSPORT,03 ANGLE,03 TURNING LEFT,IMPROPER TURN,NO CONTRIBUTING ACTION,00 NOT CODED,00 NOT CODED,00 NOT CODED,00 NOT CODED,01 NO,0,0,0,0,2,0,2,2,N,N,Y,Y,N,N,N,N,N,N,N,N,N,N,N,N,N,N,N,N,N,N,N,N,N,N,26.716518023,-80.080981569,591410.463769,2955367.242629,C,U,ARBM15Q1R2,"February 27, 2022",1328836,-8914574.388021134,3088099.460441754
2016866172040,2016,866172040,20160012380,COUNTY SHERIFF'S OFFICE,04 FOURTH,PALM BEACH,"July 8, 2016",0311,SATURDAY,9394 WEST PALM BEACH,0694,Y,43RD ST,44TH ST,0.095,W,0,0,26.751625,-80.075041,93A10659,0.199,,,,L LEFT,1 THRU LANE 1,W WEST,,05 LOCAL,01 NON-JUNCTION,01 ON ROADWAY,01 NOT AT INTERSECTION,01 PAVED,0,"December 31, 2000",,,,0,,0,,0,,,RCI,0,,,1 NO INJURY,33 Q/C VERIFIED AS OFF-SYSTEM,0 NO,01 NOT AT INTERSECTION/RRX/BRIDGE,05 DARK-NOT LIGHTED,01 CLEAR,01 DRY,01 LEVEL,1 STRAIGHT,"TWO-WAY, NOT DIVIDED","TWO-WAY, NOT DIVIDED",NO CONTROLS,NO CONTROLS,,OTHER (SEE NARRATIVE),NOT CODED,NOT CODED,NONE,NOT CODED,NOT CODED,15 PARKED MOTOR VEHICLE,01 FRONT TO REAR,01 STRAIGHT AHEAD,OTHER CONTRIBUTING ACTION,NOT CODED,00 NOT CODED,00 NOT CODED,00 NOT CODED,00 NOT CODED,01 NO,0,0,0,0,1,0,2,1,N,N,N,N,N,N,N,N,N,N,Y,N,N,N,N,N,N,N,N,N,Y,N,N,N,N,N,26.751622356,-80.075041037,591973.131427,2959259.803127,C,U,ARBM15Q1R2,"February 27, 2022",1329305,-8913913.091019653,3092474.9838796603
2016866174770,2016,866174770,20160013392,COUNTY SHERIFF'S OFFICE,04 FOURTH,PALM BEACH,"July 24, 2016",1021,MONDAY,9394 WEST PALM BEACH,0694,Y,45TH ST,BROADWAY AVE,0.004,E,0,0,26.7530716,-80.0561331,93020000,11.429,00769,SR 5,US 1,S SIDE RD RIGHT,1 THRU LANE 1,W WEST,21 URBAN 4-5LN 2WY DIVD PAVD,05 LOCAL,01 NON-JUNCTION,01 ON ROADWAY,01 NOT AT INTERSECTION,01 PAVED,43,"June 13, 2016",16 URBAN MINOR ART,22,CURB&GUTTER,2,,0,,0,16,21500,RCI,5.2,,35,1 NO INJURY,31 Q/C COMPLETED - LOC VERIFIED,0 NO,03 INFLUENCED BY INTERSECTION,01 DAYLIGHT,01 CLEAR,01 DRY,01 LEVEL,1 STRAIGHT,"TWO-WAY, NOT DIVIDED","TWO-WAY, NOT DIVIDED",NO CONTROLS,NO CONTROLS,4,NONE,NOT CODED,NOT CODED,NONE,NOT CODED,NOT CODED,14 MOTOR VEHICLE IN TRANSPORT,"04 SIDESWIPE, SAME DIRECTION",05 TURNING RIGHT,OPERATED MV IN CARLESS OR NEGL,NO CONTRIBUTING ACTION,00 NOT CODED,00 NOT CODED,00 NOT CODED,00 NOT CODED,01 NO,0,0,0,0,2,0,2,2,N,N,Y,Y,N,N,N,N,N,N,N,N,N,N,N,N,N,N,N,N,N,Y,N,N,N,Y,26.753048856,-80.056146643,593850.821179,2959431.602097,C,,ARBM15Q1R2,"February 27, 2022",1329306,-8911809.776057959,3092652.816376186
2016866191850,2016,866191850,20160019480,COUNTY SHERIFF'S OFFICE,04 FOURTH,PALM BEACH,"October 28, 2016",1650,SATURDAY,9394 WEST PALM BEACH,0694,Y,DIXIE HWY S,REVERE RD,0.004,N,0,0,26.6625706,-80.0556938,93050000,4.928,00108,SR 805,US 1,R RIGHT,P PARKING,N NORTH,22 URBAN 4-5LN 2WY UNDIVD,02 U.S.,01 NON-JUNCTION,01 ON ROADWAY,01 NOT AT INTERSECTION,03 CURB,34,"June 3, 2014",16 URBAN MINOR ART,46,PAVED,7,CURB&GUTTER,2,,0,,28000,RCI,2.6,,35,1 NO INJURY,31 Q/C COMPLETED - LOC VERIFIED,0 NO,03 INFLUENCED BY INTERSECTION,01 DAYLIGHT,02 CLOUDY,02 WET,01 LEVEL,1 STRAIGHT,"TWO-WAY, NOT DIVIDED","TWO-WAY, NOT DIVIDED",NO CONTROLS,NO CONTROLS,4,NONE,NOT CODED,NOT CODED,NONE,NOT CODED,NOT CODED,15 PARKED MOTOR VEHICLE,03 ANGLE,01 STRAIGHT AHEAD,OPERATED MV IN CARLESS OR NEGL,NOT CODED,00 NOT CODED,00 NOT CODED,00 NOT CODED,00 NOT CODED,01 NO,0,0,0,0,1,0,2,1,N,N,N,Y,N,N,N,N,N,N,N,N,N,N,N,N,N,N,N,N,N,N,N,N,N,N,26.662541361,-80.055703405,593969.16064,2949406.988472,C,,ARBM15Q1R2,"February 27, 2022",1329307,-8911760.434730371,3081374.256928042
2016866191890,2016,866191890,20160019490,COUNTY SHERIFF'S OFFICE,04 FOURTH,PALM BEACH,"October 28, 2016",1942,SATURDAY,9394 WEST PALM BEACH,0694,Y,OKEECHOBEE BLVD,INDIAN RD,0.066,E,0,0,26.7067454,-80.1030363,93280000,6.038,04615,SR 704,,R RIGHT,1 THRU LANE 1,E EAST,30 URBAN 6+LN 2WY DIVD RASD,03 STATE,01 NON-JUNCTION,01 ON ROADWAY,01 NOT AT INTERSECTION,01 PAVED,31,"June 2, 2014",14 URBAN PRIN ART OTHER,43,PAVED,3,CURB&GUTTER,2,,0,19,77500,RCI,2.5,,45,1 NO INJURY,31 Q/C COMPLETED - LOC VERIFIED,0 NO,01 NOT AT INTERSECTION/RRX/BRIDGE,04 DARK-LIGHTED,03 RAIN,02 WET,01 LEVEL,1 STRAIGHT,"TWO-WAY, DIVIDED, POSITIVE MED","TWO-WAY, DIVIDED, POSITIVE MED",UNKNOWN,UNKNOWN,8,"RD SURFC (WET, ICY, SNOW, ETC)",NOT CODED,NOT CODED,WEATHER CONDITIONS,NOT CODED,NOT CODED,14 MOTOR VEHICLE IN TRANSPORT,01 FRONT TO REAR,01 STRAIGHT AHEAD,FOLLOWED TOO CLOSELY,NO CONTRIBUTING ACTION,00 NOT CODED,00 NOT CODED,00 NOT CODED,00 NOT CODED,01 NO,0,0,0,0,2,0,2,2,N,N,N,N,N,N,N,N,N,N,N,N,N,N,N,N,N,N,N,N,N,N,N,N,N,N,26.706681395,-80.103133195,589214.702543,2954262.010761,R,,ARBM15Q1R2,"February 27, 2022",1329308,-8917040.296581471,3086873.631706312
2016866179350,2016,866179350,20160014938,COUNTY SHERIFF'S OFFICE,04 FOURTH,PALM BEACH,"August 18, 2016",1157,FRIDAY,9394 WEST PALM BEACH,0694,Y,N OLIVE AVE,6TH ST,0,N,0,0,26.718912,-80.051747,93020000,8.748,,,,I INTERSECTION,M MIDDLE,0,,05 LOCAL,02 INTERSECTION,01 ON ROADWAY,02 FOUR-WAY INTERSECTION,03 CURB,0,"December 31, 2000",,,,0,,0,,0,,,RCI,0,,,0 UNKNOWN/NOT CODED,33 Q/C VERIFIED AS OFF-SYSTEM,0 NO,02 AT INTERSECTION,01 DAYLIGHT,01 CLEAR,01 DRY,01 LEVEL,1 STRAIGHT,NOT CODED,"TWO-WAY, NOT DIVIDED",STOP SIGN,NO CONTROLS,,NONE,NOT CODED,NOT CODED,NONE,NOT CODED,NOT CODED,14 MOTOR VEHICLE IN TRANSPORT,77 OTHER (SEE NARRATIVE),01 STRAIGHT AHEAD,NOT CODED,NOT CODED,00 NOT CODED,00 NOT CODED,00 NOT CODED,00 NOT CODED,01 NO,0,0,0,0,0,0,2,0,N,N,N,Y,N,N,N,N,N,N,N,N,N,N,N,N,N,N,N,N,N,N,N,N,N,N,26.718915072,-80.051747335,594316.4373,2955654.0541,C,U,ARBM15Q1R2,"February 27, 2022",1329309,-8911320.047095813,3088398.1938435687
2016866179380,2016,866179380,20160014942,COUNTY SHERIFF'S OFFICE,04 FOURTH,PALM BEACH,"August 18, 2016",1227,FRIDAY,9394 WEST PALM BEACH,0694,Y,SPENCER DR,PALM BEACH LAKES BLVD,0.074,S,0,0,26.710832,-80.094868,93575000,0.326,,,,I INTERSECTION,M MIDDLE,E EAST,,05 LOCAL,01 NON-JUNCTION,01 ON ROADWAY,01 NOT AT INTERSECTION,03 CURB,0,"December 31, 2000",,,,0,,0,,0,,,RCI,0,,,1 NO INJURY,33 Q/C VERIFIED AS OFF-SYSTEM,0 NO,04 DRIVEWAY ACCESS,01 DAYLIGHT,01 CLEAR,01 DRY,01 LEVEL,1 STRAIGHT,"TWO-WAY, NOT DIVIDED","TWO-WAY, NOT DIVIDED",STOP SIGN,NO CONTROLS,,NONE,NOT CODED,NOT CODED,NONE,NOT CODED,NOT CODED,14 MOTOR VEHICLE IN TRANSPORT,03 ANGLE,01 STRAIGHT AHEAD,FAILED TO YIELD RIGHT-OF-WAY,NO CONTRIBUTING ACTION,00 NOT CODED,00 NOT CODED,00 NOT CODED,00 NOT CODED,01 NO,0,0,0,0,2,0,2,3,N,N,N,N,N,N,N,N,N,N,N,N,N,N,N,N,N,N,N,N,N,N,N,N,N,N,26.710831165,-80.094868776,590033.572307,2954727.46224,C,U,ARBM15Q1R2,"February 27, 2022",1329310,-8916120.30535139,3087390.758033088
2016866200760,2016,866200760,20160022713,COUNTY SHERIFF'S OFFICE,04 FOURTH,PALM BEACH,"December 10, 2016",2212,SUNDAY,9394 WEST PALM BEACH,0694,Y,N DIXIE HWY,CLEMATIS ST,0.031,S,0,0,26.71381,-80.053514,93020001,0.735,,,,L LEFT,D DRIVEWAY,0,,09 PARKING LOT,01 NON-JUNCTION,08 IN PARKING LANE OR ZONE,01 NOT AT INTERSECTION,03 CURB,0,"December 31, 2000",,,,0,,0,,0,,,RCI,0,,,0 UNKNOWN/NOT CODED,33 Q/C VERIFIED AS OFF-SYSTEM,0 NO,01 NOT AT INTERSECTION/RRX/BRIDGE,04 DARK-LIGHTED,01 CLEAR,01 DRY,00 NOT CODED,0 NOT CODED,NOT CODED,,NOT CODED,NOT CODED,,NONE,NOT CODED,NOT CODED,NONE,NOT CODED,NOT CODED,"39 OTHER FIXED OBJECT (WALL, BUIL",03 ANGLE,00 NOT CODED,NOT CODED,NOT CODED,00 NOT CODED,00 NOT CODED,00 NOT CODED,00 NOT CODED,01 NO,0,0,0,0,0,0,1,0,N,N,N,N,Y,N,N,N,N,N,N,N,N,N,N,N,N,N,N,N,N,N,N,N,N,N,26.713809992,-80.053513043,594145.004202,2955087.290189,O,U,ARBM15Q1R2,"February 27, 2022",1329333,-8911516.604884995,3087761.978434742
2016866200770,2016,866200770,20160022714,COUNTY SHERIFF'S OFFICE,04 FOURTH,PALM BEACH,"December 16, 2016",2111,SATURDAY,9394 WEST PALM BEACH,0694,Y,DIXIE HWY S,VALLEY FORGE RD,0,,0,0,26.6603416,-80.0558329,93050000,4.774,00105,SR 805,US 1,R RIGHT,2 THRU LANE 2,0,22 URBAN 4-5LN 2WY UNDIVD,05 LOCAL,01 NON-JUNCTION,01 ON ROADWAY,02 FOUR-WAY INTERSECTION,03 CURB,34,"June 3, 2014",16 URBAN MINOR ART,46,PAVED,7,CURB&GUTTER,2,,0,,28000,RCI,2.6,,35,1 NO INJURY,31 Q/C COMPLETED - LOC VERIFIED,0 NO,01 NOT AT INTERSECTION/RRX/BRIDGE,04 DARK-LIGHTED,01 CLEAR,01 DRY,00 NOT CODED,0 NOT CODED,NOT CODED,"TWO-WAY, DIVIDED, UNPROTECTED",NOT CODED,NO CONTROLS,4,NONE,NOT CODED,NOT CODED,NONE,NOT CODED,NOT CODED,14 MOTOR VEHICLE IN TRANSPORT,02 FRONT TO FRONT,00 NOT CODED,NOT CODED,FOLLOWED TOO CLOSELY,00 NOT CODED,00 NOT CODED,00 NOT CODED,00 NOT CODED,01 NO,0,0,0,0,1,0,2,1,N,N,N,N,Y,N,N,N,N,N,N,N,N,N,N,N,N,N,N,N,N,N,N,N,N,N,26.660309071,-80.055835362,593957.856937,2949159.636293,C,,ARBM15Q1R2,"February 27, 2022",1329334,-8911775.124209344,3081096.1940000784
2016866200800,2016,866200800,20160022723,COUNTY SHERIFF'S OFFICE,04 FOURTH,PALM BEACH,"December 17, 2016",0019,SUNDAY,9394 WEST PALM BEACH,0694,Y,BELVEDERE RD,PARKER AVE,0,E,0,0,26.690526,-80.062564,93503501,0.448,,,,I INTERSECTION,M MIDDLE,S SOUTH,,04 COUNTY,01 NON-JUNCTION,01 ON ROADWAY,01 NOT AT INTERSECTION,03 CURB,0,"December 31, 2000",,,,0,,0,,0,,,RCI,0,,,1 NO INJURY,33 Q/C VERIFIED AS OFF-SYSTEM,0 NO,01 NOT AT INTERSECTION/RRX/BRIDGE,04 DARK-LIGHTED,01 CLEAR,01 DRY,01 LEVEL,1 STRAIGHT,"TWO-WAY, DIVIDED, UNPROTECTED","TWO-WAY, DIVIDED, UNPROTECTED",NO CONTROLS,NO CONTROLS,,NONE,NOT CODED,NOT CODED,NONE,NOT CODED,NOT CODED,14 MOTOR VEHICLE IN TRANSPORT,03 ANGLE,05 TURNING RIGHT,NO CONTRIBUTING ACTION,NO CONTRIBUTING ACTION,00 NOT CODED,00 NOT CODED,00 NOT CODED,00 NOT CODED,01 NO,0,0,0,0,2,0,2,2,N,N,N,N,N,N,N,N,N,N,N,N,N,N,N,N,N,N,N,N,N,N,N,N,N,N,26.690525016,-80.062564023,593263.637925,2952501.511805,C,U,ARBM15Q1R2,"February 27, 2022",1329335,-8912524.155576585,3084860.4731521676