Crash Id,Calendar Year,FDOT Crash Number,Reporting Agency Case Number,Reporting Agency Type,FDOT Managing District,County Name,Crash Date,Crash Time,Day,DHSMV City,Crash Report City Code,In Town,On Roadway Name,Int Roadway Name,Reference Distance (Miles),Reference Direction,Officer Latitude,Officer Longitude,FDOT Latitude,FDOT Longitude,FDOT Roadway,Nearest Inventory MP,Nearest Node From Crash,State Road #,US Highway,Crash Side of Road,Accident Lane Number,Travel Direction Vehicle 1,FDOT Road Category,DHSMV Road System Id,Relation to Junction,Crash Harmful Event Location,Intersection Type,Shoulder Type,FDOT Roadway SKID Test Result,FDOT Roadway SKID Test Date,Functional Class,RCI Surface Width,RCI Shoulder Type First,RCI Shoulder Width First,RCI Shoulder Type Second,RCI Shoulder Width Second,RCI Shoulder Type Third,RCI Shoulder Width Third,RCI Median Width,Avg Daily Traffic,AADT Source,RCI Avg Per Truck Traffic,RCI Horiz Curve Condition,Posted Speed Limit,Highest Injury in Crash,CAR Status Code,Alcohols/Drug Involved,Site Location,Lighting,Weather,Road Surface,Roadway Grade,Roadway Alignment,Traffic Way Vehicle 1,Traffic Way Vehicle 2,Traffic Control Vehicle 1,Traffic Control Vehicle 2,Count of Lanes,Road Condition 1,Road Condition 2,Road Condition 3,Environment Condition 1,Environment Condition 2,Environment Condition 3,Crash Harmful Event,Manner of Collision,Vehicle Movement,Driver Action Vehicle 1,Driver Action Vehicle 2,Location Within Workzone,Type of Workzone,Workers Present in Workzone,Law Enforcement Present in Workzone,School Bus Related,Count of Nonfatal Injuries,Count of Traffic Fatalities,Count of Serious Injuries,Count of Pedestrians,Count of Drivers,Count of Bicyclists,Count of Vehicles,Count of Persons,Wrong Way,Workzone Inv,Commercial Vehicle Inv,Intersection Inv,Lane Departure,Speeding,Agressive Driving,Impaired Driver,Impaired Pedestrian,Impaired Bicyclist,Distracted Driver,Speeding or Aggressive Driving,Pedestrian Related,Bicyclist Related,Pedestrian or Bicyclist Related,Motorcycle Inv,No Belt,No Belt - Ages 1-4,No Belt - Ages 5-12,No Belt - Ages 13-17,Driver - Ages Teen,Driver - Ages 65 plus,Driver - Ages 65-69,Driver - Ages 70-74,Driver - Ages 75-79,Driver - Ages 80 plus,ARBM Latitude,ARBM Longitude,UTM Zone 17N X,UTM Zone 17N Y,ARBM Side of Road,Urban Rural Indicator,GIS Street Source,Extract Date,OBJECTID,x,y
2016862957270,2016,862957270,20160009882,COUNTY SHERIFF'S OFFICE,04 FOURTH,PALM BEACH,"May 30, 2016",1358,TUESDAY,9394 WEST PALM BEACH,0694,Y,NOTTINGHAM BLVD,GEORGIA AVE,0.006,E,0,0,26.674355,-80.058507,93000165,0.283,,,,R RIGHT,S SIDE OF ROAD,E EAST,,05 LOCAL,01 NON-JUNCTION,01 ON ROADWAY,01 NOT AT INTERSECTION,03 CURB,0,"December 31, 2000",,,,0,,0,,0,,,RCI,0,,,1 NO INJURY,33 Q/C VERIFIED AS OFF-SYSTEM,0 NO,01 NOT AT INTERSECTION/RRX/BRIDGE,01 DAYLIGHT,02 CLOUDY,01 DRY,01 LEVEL,1 STRAIGHT,"TWO-WAY, NOT DIVIDED",,NO CONTROLS,NOT CODED,,NONE,NOT CODED,NOT CODED,NONE,NOT CODED,NOT CODED,24 CURB,77 OTHER (SEE NARRATIVE),01 STRAIGHT AHEAD,OTHER CONTRIBUTING ACTION,NOT CODED,00 NOT CODED,00 NOT CODED,00 NOT CODED,00 NOT CODED,01 NO,0,0,0,0,1,0,1,1,N,N,N,N,Y,N,N,N,N,N,N,N,N,N,N,N,N,N,N,N,N,N,N,N,N,N,26.674356827,-80.058507295,593680.470871,2950713.644112,C,U,ARBM15Q1R2,"February 27, 2022",1426401,-8912072.562478334,3082846.1285363897
2016862957320,2016,862957320,20160009898,COUNTY SHERIFF'S OFFICE,04 FOURTH,PALM BEACH,"May 30, 2016",1655,TUESDAY,9394 WEST PALM BEACH,0694,Y,SR 704,CONGRESS AVE,0.009,E,0,0,26.7062801,-80.0861069,93280000,7.084,01744,SR 704,,L LEFT,4 THRU LANE 4,W WEST,30 URBAN 6+LN 2WY DIVD RASD,03 STATE,03 INTERSECTION-RELATED,01 ON ROADWAY,01 NOT AT INTERSECTION,03 CURB,31,"June 2, 2014",14 URBAN PRIN ART OTHER,43,PAVED,3,CURB&GUTTER,2,,0,31,47500,RCI,2.8,,45,3 NO-INCAPACITATING INJURY,31 Q/C COMPLETED - LOC VERIFIED,0 NO,03 INFLUENCED BY INTERSECTION,01 DAYLIGHT,01 CLEAR,01 DRY,01 LEVEL,1 STRAIGHT,"TWO-WAY, DIVIDED, POSITIVE MED","TWO-WAY, DIVIDED, POSITIVE MED",NO CONTROLS,NO CONTROLS,8,NONE,NOT CODED,NOT CODED,NONE,NOT CODED,NOT CODED,14 MOTOR VEHICLE IN TRANSPORT,01 FRONT TO REAR,01 STRAIGHT AHEAD,OPERATED MV IN CARLESS OR NEGL,NO CONTRIBUTING ACTION,00 NOT CODED,00 NOT CODED,00 NOT CODED,00 NOT CODED,01 NO,1,0,0,0,2,0,2,2,N,N,N,Y,N,N,N,N,N,N,N,N,N,N,N,N,N,N,N,N,N,N,N,N,N,N,26.706461536,-80.085904789,590928.737786,2954249.83229,L,,ARBM15Q1R2,"February 27, 2022",1426402,-8915122.43852985,3086846.2344114166
2016862938510,2016,862938510,20160003298,COUNTY SHERIFF'S OFFICE,04 FOURTH,PALM BEACH,"February 20, 2016",1858,SUNDAY,9394 WEST PALM BEACH,0694,Y,N CONGRESS AVE,PRESIDENTIAL WAY,0.473,N,0,0,26.743562,-80.089412,93250500,3.896,,,,R RIGHT,2 THRU LANE 2,0,,04 COUNTY,01 NON-JUNCTION,01 ON ROADWAY,01 NOT AT INTERSECTION,03 CURB,0,"December 31, 2000",,,,0,,0,,0,,,RCI,0,,,1 NO INJURY,33 Q/C VERIFIED AS OFF-SYSTEM,0 NO,01 NOT AT INTERSECTION/RRX/BRIDGE,04 DARK-LIGHTED,01 CLEAR,01 DRY,00 NOT CODED,0 NOT CODED,NOT CODED,"TWO-WAY, NOT DIVIDED",NOT CODED,NO CONTROLS,,NONE,NOT CODED,NOT CODED,NONE,NOT CODED,NOT CODED,14 MOTOR VEHICLE IN TRANSPORT,77 OTHER (SEE NARRATIVE),00 NOT CODED,NOT CODED,NO CONTRIBUTING ACTION,00 NOT CODED,00 NOT CODED,00 NOT CODED,00 NOT CODED,01 NO,0,0,0,0,1,0,2,1,N,N,N,N,N,N,N,N,N,N,N,N,N,N,N,N,Y,N,N,N,N,N,N,N,N,N,26.743561984,-80.089411637,590550.507197,2958356.702811,C,U,ARBM15Q1R2,"February 27, 2022",1426418,-8915512.819270885,3091470.1922057415
2016862938520,2016,862938520,20160003310,COUNTY SHERIFF'S OFFICE,04 FOURTH,PALM BEACH,"February 20, 2016",2324,SUNDAY,9394 WEST PALM BEACH,0694,Y,45TH ST,NORTHPOINT BLVD,0,E,0,0,26.759358,-80.09666,93510000,0.734,,,,I INTERSECTION,M MIDDLE,W WEST,,05 LOCAL,01 NON-JUNCTION,01 ON ROADWAY,02 FOUR-WAY INTERSECTION,01 PAVED,0,"December 31, 2000",,,,0,,0,,0,,,RCI,0,,,2 POSSIBLE INJURY,33 Q/C VERIFIED AS OFF-SYSTEM,0 NO,01 NOT AT INTERSECTION/RRX/BRIDGE,04 DARK-LIGHTED,01 CLEAR,01 DRY,01 LEVEL,1 STRAIGHT,"TWO-WAY, DIVIDED, POSITIVE MED","TWO-WAY, DIVIDED, POSITIVE MED",TRAFFIC CONTROL SIGNAL,TRAFFIC CONTROL SIGNAL,,NONE,NOT CODED,NOT CODED,NONE,NOT CODED,NOT CODED,14 MOTOR VEHICLE IN TRANSPORT,03 ANGLE,01 STRAIGHT AHEAD,OPERATED MV IN CARLESS OR NEGL,NO CONTRIBUTING ACTION,00 NOT CODED,00 NOT CODED,00 NOT CODED,00 NOT CODED,01 NO,1,0,0,0,2,0,2,3,N,N,N,N,N,N,N,N,N,N,N,N,N,N,N,N,N,N,N,N,N,N,N,N,N,N,26.759355063,-80.096657321,589817.5323,2960100.8671,L,U,ARBM15Q1R2,"February 27, 2022",1426419,-8916319.405480951,3093438.9962537554
2016862938530,2016,862938530,20160003255,COUNTY SHERIFF'S OFFICE,04 FOURTH,PALM BEACH,"February 20, 2016",0645,SUNDAY,9394 WEST PALM BEACH,0694,Y,45TH ST,MILITARY TRL,0,,0,0,26.7597766,-80.1084516,93150000,5.658,01688,SR 809,,L LEFT,2 THRU LANE 2,W WEST,30 URBAN 6+LN 2WY DIVD RASD,05 LOCAL,02 INTERSECTION,01 ON ROADWAY,02 FOUR-WAY INTERSECTION,03 CURB,37,"June 1, 2014",14 URBAN PRIN ART OTHER,36,PAVED,4,CURB&GUTTER,2,,0,30,34000,RCI,5.2,,45,1 NO INJURY,31 Q/C COMPLETED - LOC VERIFIED,0 NO,02 AT INTERSECTION,02 DUSK,01 CLEAR,01 DRY,01 LEVEL,1 STRAIGHT,"TWO-WAY, DIVIDED, POSITIVE MED","TWO-WAY, DIVIDED, POSITIVE MED",TRAFFIC CONTROL SIGNAL,TRAFFIC CONTROL SIGNAL,6,NONE,NOT CODED,NOT CODED,NONE,NOT CODED,NOT CODED,14 MOTOR VEHICLE IN TRANSPORT,01 FRONT TO REAR,01 STRAIGHT AHEAD,OPERATED MV IN CARLESS OR NEGL,NO CONTRIBUTING ACTION,00 NOT CODED,00 NOT CODED,00 NOT CODED,00 NOT CODED,01 NO,0,0,0,0,2,0,2,3,N,N,N,Y,N,N,N,N,N,N,Y,N,N,N,N,N,N,N,N,N,N,N,N,N,N,N,26.759830406,-80.108628615,588626.824097,2960145.123261,L,,ARBM15Q1R2,"February 27, 2022",1426420,-8917652.04419054,3093498.258023182
2016862938540,2016,862938540,20160003319,COUNTY SHERIFF'S OFFICE,04 FOURTH,PALM BEACH,"February 21, 2016",0833,MONDAY,9394 WEST PALM BEACH,0694,Y,US 1,7TH ST,0,,0,0,26.7194696,-80.0533635,93020001,0.343,03615,SR 5,US 1,L LEFT,2 THRU LANE 2,N NORTH,21 URBAN 4-5LN 2WY DIVD PAVD,02 U.S.,02 INTERSECTION,01 ON ROADWAY,02 FOUR-WAY INTERSECTION,03 CURB,43,"June 13, 2016",16 URBAN MINOR ART,22,CURB&GUTTER,2,,0,,0,12,17700,RCI,5.7,,30,1 NO INJURY,31 Q/C COMPLETED - LOC VERIFIED,0 NO,02 AT INTERSECTION,01 DAYLIGHT,01 CLEAR,01 DRY,01 LEVEL,1 STRAIGHT,"TWO-WAY, NOT DIVIDED","TWO-WAY, NOT DIVIDED",NO CONTROLS,NO CONTROLS,4,NONE,NOT CODED,NOT CODED,NONE,NOT CODED,NOT CODED,14 MOTOR VEHICLE IN TRANSPORT,03 ANGLE,03 TURNING LEFT,FAILED TO YIELD RIGHT-OF-WAY,NO CONTRIBUTING ACTION,00 NOT CODED,00 NOT CODED,00 NOT CODED,00 NOT CODED,01 NO,0,0,0,0,2,0,2,2,N,N,N,Y,N,N,N,N,N,N,N,N,N,N,N,N,N,N,N,N,N,N,N,N,N,N,26.719492173,-80.053367432,594154.813275,2955716.777874,C,,ARBM15Q1R2,"February 27, 2022",1426421,-8911500.395460412,3088470.116366543
2016862938580,2016,862938580,20160003333,COUNTY SHERIFF'S OFFICE,04 FOURTH,PALM BEACH,"February 21, 2016",1154,MONDAY,9394 WEST PALM BEACH,0694,Y,PALM BEACH LAKES BLVD,DOUGLAS AVE,0.024,W,0,0,26.72464,-80.060832,93014501,0.354,,,,L LEFT,1 THRU LANE 1,W WEST,,05 LOCAL,01 NON-JUNCTION,01 ON ROADWAY,01 NOT AT INTERSECTION,03 CURB,0,"December 31, 2000",,,,0,,0,,0,,,RCI,0,,,3 NO-INCAPACITATING INJURY,33 Q/C VERIFIED AS OFF-SYSTEM,0 NO,01 NOT AT INTERSECTION/RRX/BRIDGE,01 DAYLIGHT,01 CLEAR,01 DRY,01 LEVEL,1 STRAIGHT,"TWO-WAY, NOT DIVIDED","TWO-WAY, NOT DIVIDED",NO CONTROLS,NO CONTROLS,,NONE,NOT CODED,NOT CODED,NONE,NOT CODED,NOT CODED,14 MOTOR VEHICLE IN TRANSPORT,01 FRONT TO REAR,01 STRAIGHT AHEAD,OPERATED MV IN CARLESS OR NEGL,NO CONTRIBUTING ACTION,00 NOT CODED,00 NOT CODED,00 NOT CODED,00 NOT CODED,01 NO,1,0,0,0,7,0,7,8,N,N,N,N,N,N,N,N,N,N,N,N,N,N,N,N,N,N,N,N,N,Y,Y,N,N,Y,26.724638064,-80.060832053,593408.11886,2956281.261727,C,U,ARBM15Q1R2,"February 27, 2022",1426422,-8912331.353574596,3089111.4499659366
2016862938630,2016,862938630,20160003346,COUNTY SHERIFF'S OFFICE,04 FOURTH,PALM BEACH,"February 21, 2016",1433,MONDAY,9394 WEST PALM BEACH,0694,Y,45TH ST,EMBARCARDERO DR,0,N,0,0,26.758642,-80.08443,93510000,1.492,,,,I INTERSECTION,M MIDDLE,S SOUTH,,05 LOCAL,03 INTERSECTION-RELATED,01 ON ROADWAY,01 NOT AT INTERSECTION,01 PAVED,0,"December 31, 2000",,,,0,,0,,0,,,RCI,0,,,2 POSSIBLE INJURY,33 Q/C VERIFIED AS OFF-SYSTEM,0 NO,03 INFLUENCED BY INTERSECTION,01 DAYLIGHT,01 CLEAR,01 DRY,01 LEVEL,1 STRAIGHT,"TWO-WAY, DIVIDED, POSITIVE MED","TWO-WAY, DIVIDED, POSITIVE MED",NO CONTROLS,NO CONTROLS,,NONE,NOT CODED,NOT CODED,NONE,NOT CODED,NOT CODED,14 MOTOR VEHICLE IN TRANSPORT,77 OTHER (SEE NARRATIVE),03 TURNING LEFT,FAILED TO YIELD RIGHT-OF-WAY,NO CONTRIBUTING ACTION,00 NOT CODED,00 NOT CODED,00 NOT CODED,00 NOT CODED,01 NO,1,0,0,0,2,0,2,6,N,N,N,Y,N,N,N,N,N,N,Y,N,N,N,N,N,Y,N,N,N,N,N,N,N,N,N,26.758645446,-80.08442905,591033.991687,2960030.957622,R,U,ARBM15Q1R2,"February 27, 2022",1426423,-8914958.160089286,3093350.527850228
2016862935460,2016,862935460,20160002289,COUNTY SHERIFF'S OFFICE,04 FOURTH,PALM BEACH,"February 5, 2016",0934,SATURDAY,9394 WEST PALM BEACH,0694,Y,BANYAN BLVD,QUADRILLE BLVD N,0.009,W,0,0,26.7145037,-80.0549362,93020100,0.614,02397,SR 5,US 1,T SIDE RD LEFT,1 THRU LANE 1,E EAST,11 URBAN 2-3LN 2WY DIVD PAVD,05 LOCAL,05 RAILWAY GRADE CROSSING,01 ON ROADWAY,01 NOT AT INTERSECTION,03 CURB,41,"June 13, 2016",17 URBAN MAJOR COLLECTOR,11,PAVED WARN,11,CURB&GUTTER,2,,0,12,12400,RCI,3.5,,30,1 NO INJURY,32 Q/C NOT TO BE DONE ON CRASH,0 NO,05 RAILROAD CROSSING,01 DAYLIGHT,02 CLOUDY,01 DRY,01 LEVEL,1 STRAIGHT,"TWO-WAY, NOT DIVIDED",,RAILWAY CROSSING DEVICE,NOT CODED,2,NONE,NOT CODED,NOT CODED,NONE,NOT CODED,NOT CODED,18 OTHER NON-FIXED OBJECT,03 ANGLE,14 SLOWING,OPERATED MV IN CARLESS OR NEGL,NOT CODED,00 NOT CODED,00 NOT CODED,00 NOT CODED,00 NOT CODED,01 NO,0,0,0,0,1,0,1,1,N,N,Y,Y,N,N,N,N,N,N,N,N,N,N,N,N,N,N,N,N,N,N,N,N,N,N,26.714500917,-80.054965683,593999.937974,2955162.747251,C,,ARBM15Q1R2,"February 27, 2022",1426433,-8911678.311953377,3087848.0825680285
2016862952760,2016,862952760,20160008357,COUNTY SHERIFF'S OFFICE,04 FOURTH,PALM BEACH,"May 5, 2016",1326,FRIDAY,9394 WEST PALM BEACH,0694,Y,DIXIE HWY S,AVENIDA HERMOSA,0.019,N,0,0,26.6829277,-80.0545497,93050000,6.334,00608,SR 805,US 1,R RIGHT,S SIDE OF ROAD,N NORTH,22 URBAN 4-5LN 2WY UNDIVD,05 LOCAL,01 NON-JUNCTION,01 ON ROADWAY,01 NOT AT INTERSECTION,01 PAVED,36,"June 3, 2014",16 URBAN MINOR ART,44,PAVED,7,CURB&GUTTER,2,,0,,18000,RCI,3,,35,0 UNKNOWN/NOT CODED,31 Q/C COMPLETED - LOC VERIFIED,0 NO,01 NOT AT INTERSECTION/RRX/BRIDGE,01 DAYLIGHT,01 CLEAR,01 DRY,01 LEVEL,1 STRAIGHT,"TWO-WAY, NOT DIVIDED","TWO-WAY, NOT DIVIDED",NO CONTROLS,NO CONTROLS,4,NONE,NOT CODED,NOT CODED,NONE,NOT CODED,NOT CODED,14 MOTOR VEHICLE IN TRANSPORT,"04 SIDESWIPE, SAME DIRECTION",14 SLOWING,NOT CODED,NOT CODED,00 NOT CODED,00 NOT CODED,00 NOT CODED,00 NOT CODED,01 NO,0,0,0,0,0,0,2,0,N,N,N,N,Y,N,N,N,N,N,N,N,N,N,N,N,N,N,N,N,N,N,N,N,N,N,26.682915013,-80.05454943,594067.284367,2951664.488033,C,,ARBM15Q1R2,"February 27, 2022",1426442,-8911631.97485342,3083912.3308198773
2016862943070,2016,862943070,20160004873,COUNTY SHERIFF'S OFFICE,04 FOURTH,PALM BEACH,"March 16, 2016",0644,THURSDAY,9394 WEST PALM BEACH,0694,Y,N CONGRESS AVE,WOODSTOCK,0.057,N,0,0,26.729931,-80.089255,93250500,2.947,,,,L LEFT,S SIDE OF ROAD,S SOUTH,,04 COUNTY,01 NON-JUNCTION,02 OFF ROADWAY,01 NOT AT INTERSECTION,03 CURB,0,"December 31, 2000",16 URBAN MINOR ART,,,0,,0,,0,,,RCI,0,,,5 FATAL(WITHIN 30 DAYS) INJURY,33 Q/C VERIFIED AS OFF-SYSTEM,1 ALC,01 NOT AT INTERSECTION/RRX/BRIDGE,04 DARK-LIGHTED,01 CLEAR,01 DRY,01 LEVEL,3 CURVE LEFT,"TWO-WAY, NOT DIVIDED",,NO CONTROLS,NOT CODED,4,NONE,NOT CODED,NOT CODED,NONE,NOT CODED,NOT CODED,33 UTILITY POLE/LIGHT SUPPORT,03 ANGLE,01 STRAIGHT AHEAD,OPERATED MV IN CARLESS OR NEGL,NOT CODED,00 NOT CODED,00 NOT CODED,00 NOT CODED,00 NOT CODED,01 NO,0,1,0,0,1,0,1,1,N,N,N,N,Y,N,N,N,N,N,Y,N,N,N,N,N,N,N,N,N,N,N,N,N,N,N,26.729929835,-80.089257167,590576.667568,2956846.868645,C,U,ARBM15Q1R2,"February 27, 2022",1426864,-8915495.62374034,3089770.9947691904
2016862943100,2016,862943100,20160004884,COUNTY SHERIFF'S OFFICE,04 FOURTH,PALM BEACH,"March 16, 2016",1025,THURSDAY,9394 WEST PALM BEACH,0694,Y,OKEECHOBEE BLVD,AUSTRALIAN AVE,0.047,W,0,0,26.7056661,-80.0663475,93280000,8.305,01764,SR 704,,R RIGHT,R RIGHT TURN,0,30 URBAN 6+LN 2WY DIVD RASD,05 LOCAL,01 NON-JUNCTION,01 ON ROADWAY,01 NOT AT INTERSECTION,03 CURB,36,"June 2, 2014",14 URBAN PRIN ART OTHER,36,PAVED,16,CURB&GUTTER,2,,0,21,66000,RCI,2.5,,45,1 NO INJURY,31 Q/C COMPLETED - LOC VERIFIED,0 NO,03 INFLUENCED BY INTERSECTION,01 DAYLIGHT,01 CLEAR,01 DRY,00 NOT CODED,0 NOT CODED,NOT CODED,"TWO-WAY, DIVIDED, POSITIVE MED",NOT CODED,NO CONTROLS,7,NONE,NOT CODED,NOT CODED,NONE,NOT CODED,NOT CODED,14 MOTOR VEHICLE IN TRANSPORT,03 ANGLE,00 NOT CODED,NOT CODED,NO CONTRIBUTING ACTION,00 NOT CODED,00 NOT CODED,00 NOT CODED,00 NOT CODED,01 NO,0,0,0,0,1,0,2,1,N,N,N,Y,N,N,N,N,N,N,N,N,N,N,N,N,N,N,N,N,N,N,N,N,N,N,26.705635075,-80.066387394,592870.984313,2954172.361674,R,,ARBM15Q1R2,"February 27, 2022",1426865,-8912949.771422701,3086743.24695634
2016862940750,2016,862940750,20160004084,COUNTY SHERIFF'S OFFICE,04 FOURTH,PALM BEACH,"March 4, 2016",0305,SATURDAY,9394 WEST PALM BEACH,0694,Y,US 1,KANUGA DR,0.004,S,0,0,26.6969804,-80.0541072,93020001,1.896,00711,SR 5,US 1,R RIGHT,S SIDE OF ROAD,N NORTH,22 URBAN 4-5LN 2WY UNDIVD,05 LOCAL,01 NON-JUNCTION,02 OFF ROADWAY,01 NOT AT INTERSECTION,03 CURB,43,"June 13, 2016",16 URBAN MINOR ART,43,CURB&GUTTER,2,CURB&GUTTER,2,,0,,18300,RCI,5.3,,35,4 INCAPACITATING INJURY,31 Q/C COMPLETED - LOC VERIFIED,0 NO,02 AT INTERSECTION,04 DARK-LIGHTED,01 CLEAR,01 DRY,01 LEVEL,1 STRAIGHT,"TWO-WAY, NOT DIVIDED",,NO CONTROLS,NOT CODED,4,NONE,NOT CODED,NOT CODED,NONE,NOT CODED,NOT CODED,33 UTILITY POLE/LIGHT SUPPORT,77 OTHER (SEE NARRATIVE),01 STRAIGHT AHEAD,EXCEEDED POSTED SPEED,NOT CODED,00 NOT CODED,00 NOT CODED,00 NOT CODED,00 NOT CODED,01 NO,3,0,2,0,1,0,1,4,Y,N,N,Y,N,Y,N,N,N,N,N,Y,N,N,N,N,N,N,N,N,Y,N,N,N,N,N,26.696981623,-80.054107335,594099.718475,2953222.879749,C,,ARBM15Q1R2,"February 27, 2022",1426873,-8911582.761061493,3085664.9615480704
2016862940790,2016,862940790,20160004109,COUNTY SHERIFF'S OFFICE,04 FOURTH,PALM BEACH,"March 4, 2016",1247,SATURDAY,9394 WEST PALM BEACH,0694,Y,PALM BEACH LAKES BLVD,N ROBBINS DR,0.047,W,0,0,26.715509,-80.09253,93014500,0.791,,,,R RIGHT,1 THRU LANE 1,E EAST,,05 LOCAL,02 INTERSECTION,01 ON ROADWAY,01 NOT AT INTERSECTION,03 CURB,0,"December 31, 2000",,,,0,,0,,0,,,RCI,0,,,1 NO INJURY,33 Q/C VERIFIED AS OFF-SYSTEM,0 NO,02 AT INTERSECTION,01 DAYLIGHT,02 CLOUDY,01 DRY,01 LEVEL,1 STRAIGHT,"TWO-WAY, DIVIDED, POSITIVE MED","TWO-WAY, DIVIDED, POSITIVE MED",NO CONTROLS,TRAFFIC CONTROL SIGNAL,,NONE,NONE,NONE,NONE,NONE,NONE,14 MOTOR VEHICLE IN TRANSPORT,01 FRONT TO REAR,01 STRAIGHT AHEAD,NOT CODED,NO CONTRIBUTING ACTION,00 NOT CODED,00 NOT CODED,00 NOT CODED,00 NOT CODED,01 NO,0,0,0,0,1,0,2,5,N,N,N,Y,N,N,N,N,N,N,N,N,N,N,N,N,N,N,N,N,N,N,N,N,N,N,26.715509058,-80.092530081,590262.525077,2955247.254099,R,U,ARBM15Q1R2,"February 27, 2022",1426874,-8915859.962934159,3087973.7194750574
2016862946320,2016,862946320,20160006108,COUNTY SHERIFF'S OFFICE,04 FOURTH,PALM BEACH,"April 2, 2016",1921,SUNDAY,9394 WEST PALM BEACH,0694,Y,MILITARY TRL N,45TH ST,0.095,S,0,0,26.7583022,-80.1085757,93150000,5.556,03193,SR 809,,L LEFT,3 THRU LANE 3,S SOUTH,30 URBAN 6+LN 2WY DIVD RASD,04 COUNTY,01 NON-JUNCTION,01 ON ROADWAY,01 NOT AT INTERSECTION,03 CURB,39,"June 1, 2014",14 URBAN PRIN ART OTHER,36,PAVED,4,CURB&GUTTER,2,,0,30,34500,RCI,2.5,,45,2 POSSIBLE INJURY,31 Q/C COMPLETED - LOC VERIFIED,0 NO,04 DRIVEWAY ACCESS,02 DUSK,01 CLEAR,01 DRY,01 LEVEL,1 STRAIGHT,"TWO-WAY, DIVIDED, POSITIVE MED","TWO-WAY, DIVIDED, POSITIVE MED",NO CONTROLS,NO CONTROLS,6,NONE,NOT CODED,NOT CODED,NONE,NOT CODED,NOT CODED,14 MOTOR VEHICLE IN TRANSPORT,01 FRONT TO REAR,01 STRAIGHT AHEAD,OPERATED MV IN CARLESS OR NEGL,NO CONTRIBUTING ACTION,00 NOT CODED,00 NOT CODED,00 NOT CODED,00 NOT CODED,01 NO,2,0,0,0,2,0,2,5,N,N,N,N,N,N,N,N,N,N,N,N,N,N,N,N,N,N,N,N,Y,N,N,N,N,N,26.75835151,-80.108731143,588617.776822,2959981.244184,L,,ARBM15Q1R2,"February 27, 2022",1426895,-8917663.457628177,3093313.8827496134
2016862946330,2016,862946330,20160006109,COUNTY SHERIFF'S OFFICE,04 FOURTH,PALM BEACH,"April 2, 2016",1924,SUNDAY,9394 WEST PALM BEACH,0694,Y,BELVEDERE RD,MERCER AVE,0.137,E,0,0,26.690556,-80.068653,93503501,0.071,,,,R RIGHT,1 THRU LANE 1,0,,03 STATE,02 INTERSECTION,01 ON ROADWAY,03 T-INTERSECTION,03 CURB,0,"December 31, 2000",,,,0,,0,,0,,,RCI,0,,,1 NO INJURY,33 Q/C VERIFIED AS OFF-SYSTEM,0 NO,02 AT INTERSECTION,01 DAYLIGHT,01 CLEAR,01 DRY,00 NOT CODED,0 NOT CODED,NOT CODED,"TWO-WAY, DIVIDED, POSITIVE MED",NOT CODED,TRAFFIC CONTROL SIGNAL,,NONE,NOT CODED,NOT CODED,NONE,NOT CODED,NOT CODED,14 MOTOR VEHICLE IN TRANSPORT,01 FRONT TO REAR,00 NOT CODED,NOT CODED,NO CONTRIBUTING ACTION,00 NOT CODED,00 NOT CODED,00 NOT CODED,00 NOT CODED,01 NO,0,0,0,0,1,0,2,3,N,N,N,Y,N,N,N,N,N,N,N,N,N,N,N,N,N,N,N,N,N,N,N,N,N,N,26.690554908,-80.068653054,592657.796013,2952500.384556,R,U,ARBM15Q1R2,"February 27, 2022",1426896,-8913201.983605508,3084864.1975392457
2016862946340,2016,862946340,20160006117,COUNTY SHERIFF'S OFFICE,04 FOURTH,PALM BEACH,"April 2, 2016",2303,SUNDAY,9394 WEST PALM BEACH,0694,Y,45TH ST,VILLAGE BLVD,0.002,W,0,0,26.759329,-80.10038,93510000,0.505,,,,R RIGHT,3 THRU LANE 3,E EAST,,04 COUNTY,01 NON-JUNCTION,01 ON ROADWAY,01 NOT AT INTERSECTION,03 CURB,0,"December 31, 2000",,,,0,,0,,0,,,RCI,0,,,2 POSSIBLE INJURY,33 Q/C VERIFIED AS OFF-SYSTEM,0 NO,01 NOT AT INTERSECTION/RRX/BRIDGE,04 DARK-LIGHTED,01 CLEAR,01 DRY,01 LEVEL,1 STRAIGHT,"TWO-WAY, DIVIDED, POSITIVE MED","TWO-WAY, DIVIDED, POSITIVE MED",TRAFFIC CONTROL SIGNAL,TRAFFIC CONTROL SIGNAL,,NONE,NOT CODED,NOT CODED,NONE,NOT CODED,NOT CODED,14 MOTOR VEHICLE IN TRANSPORT,01 FRONT TO REAR,01 STRAIGHT AHEAD,OPERATED MV IN CARLESS OR NEGL,NO CONTRIBUTING ACTION,00 NOT CODED,00 NOT CODED,00 NOT CODED,00 NOT CODED,01 NO,1,0,0,0,2,0,2,3,N,N,N,N,N,N,N,N,N,N,Y,N,N,N,N,N,N,N,N,N,N,N,N,N,N,N,26.759326724,-80.100380143,589447.383621,2960095.105715,R,U,ARBM15Q1R2,"February 27, 2022",1426897,-8916733.828240287,3093435.4632581607
2016862946360,2016,862946360,20160006124,COUNTY SHERIFF'S OFFICE,04 FOURTH,PALM BEACH,"April 3, 2016",0315,MONDAY,9394 WEST PALM BEACH,0694,Y,45TH ST,I 95,0.011,E,0,0,26.7562923,-80.0900864,93220000,31.035,01189,SR 9,I 95,L LEFT,L LEFT TURN,W WEST,01 INTERSTATE URBAN,04 COUNTY,01 NON-JUNCTION,01 ON ROADWAY,01 NOT AT INTERSECTION,03 CURB,34,"June 2, 2015",11 URBAN PRIN ART INT.,64,PAVED WARN,10,,0,,0,32,213000,RCI,7.3,1D1500,65,1 NO INJURY,31 Q/C COMPLETED - LOC VERIFIED,0 NO,06 BRIDGE,04 DARK-LIGHTED,01 CLEAR,01 DRY,01 LEVEL,1 STRAIGHT,"TWO-WAY, DIVIDED, POSITIVE MED","TWO-WAY, DIVIDED, POSITIVE MED",TRAFFIC CONTROL SIGNAL,TRAFFIC CONTROL SIGNAL,10,NONE,NOT CODED,NOT CODED,NONE,NOT CODED,NOT CODED,14 MOTOR VEHICLE IN TRANSPORT,01 FRONT TO REAR,01 STRAIGHT AHEAD,OPERATED MV IN CARLESS OR NEGL,NO CONTRIBUTING ACTION,00 NOT CODED,00 NOT CODED,00 NOT CODED,00 NOT CODED,01 NO,0,0,0,0,2,0,2,2,N,N,Y,N,N,N,N,N,N,N,N,N,N,N,N,N,N,N,N,N,N,N,N,N,N,N,26.756105063,-80.090363323,590445.936502,2959745.343345,L,,ARBM15Q1R2,"February 27, 2022",1426899,-8915618.760530338,3093033.820906063