Crash Id,Calendar Year,FDOT Crash Number,Reporting Agency Case Number,Reporting Agency Type,FDOT Managing District,County Name,Crash Date,Crash Time,Day,DHSMV City,Crash Report City Code,In Town,On Roadway Name,Int Roadway Name,Reference Distance (Miles),Reference Direction,Officer Latitude,Officer Longitude,FDOT Latitude,FDOT Longitude,FDOT Roadway,Nearest Inventory MP,Nearest Node From Crash,State Road #,US Highway,Crash Side of Road,Accident Lane Number,Travel Direction Vehicle 1,FDOT Road Category,DHSMV Road System Id,Relation to Junction,Crash Harmful Event Location,Intersection Type,Shoulder Type,FDOT Roadway SKID Test Result,FDOT Roadway SKID Test Date,Functional Class,RCI Surface Width,RCI Shoulder Type First,RCI Shoulder Width First,RCI Shoulder Type Second,RCI Shoulder Width Second,RCI Shoulder Type Third,RCI Shoulder Width Third,RCI Median Width,Avg Daily Traffic,AADT Source,RCI Avg Per Truck Traffic,RCI Horiz Curve Condition,Posted Speed Limit,Highest Injury in Crash,CAR Status Code,Alcohols/Drug Involved,Site Location,Lighting,Weather,Road Surface,Roadway Grade,Roadway Alignment,Traffic Way Vehicle 1,Traffic Way Vehicle 2,Traffic Control Vehicle 1,Traffic Control Vehicle 2,Count of Lanes,Road Condition 1,Road Condition 2,Road Condition 3,Environment Condition 1,Environment Condition 2,Environment Condition 3,Crash Harmful Event,Manner of Collision,Vehicle Movement,Driver Action Vehicle 1,Driver Action Vehicle 2,Location Within Workzone,Type of Workzone,Workers Present in Workzone,Law Enforcement Present in Workzone,School Bus Related,Count of Nonfatal Injuries,Count of Traffic Fatalities,Count of Serious Injuries,Count of Pedestrians,Count of Drivers,Count of Bicyclists,Count of Vehicles,Count of Persons,Wrong Way,Workzone Inv,Commercial Vehicle Inv,Intersection Inv,Lane Departure,Speeding,Agressive Driving,Impaired Driver,Impaired Pedestrian,Impaired Bicyclist,Distracted Driver,Speeding or Aggressive Driving,Pedestrian Related,Bicyclist Related,Pedestrian or Bicyclist Related,Motorcycle Inv,No Belt,No Belt - Ages 1-4,No Belt - Ages 5-12,No Belt - Ages 13-17,Driver - Ages Teen,Driver - Ages 65 plus,Driver - Ages 65-69,Driver - Ages 70-74,Driver - Ages 75-79,Driver - Ages 80 plus,ARBM Latitude,ARBM Longitude,UTM Zone 17N X,UTM Zone 17N Y,ARBM Side of Road,Urban Rural Indicator,GIS Street Source,Extract Date,OBJECTID,x,y
2016862939580,2016,862939580,20160003656,COUNTY SHERIFF'S OFFICE,04 FOURTH,PALM BEACH,"February 25, 2016",2128,FRIDAY,9394 WEST PALM BEACH,0694,Y,PALM ST,GEORGIA AVE,0.035,W,0,0,26.699389,-80.058635,93A11940,0.087,,,,R RIGHT,P PARKING,0,,05 LOCAL,01 NON-JUNCTION,01 ON ROADWAY,01 NOT AT INTERSECTION,01 PAVED,0,"December 31, 2000",,,,0,,0,,0,,,RCI,0,,,0 UNKNOWN/NOT CODED,33 Q/C VERIFIED AS OFF-SYSTEM,0 NO,01 NOT AT INTERSECTION/RRX/BRIDGE,88 UNKNOWN,01 CLEAR,01 DRY,00 NOT CODED,0 NOT CODED,NOT CODED,"TWO-WAY, NOT DIVIDED",NOT CODED,NO CONTROLS,,NONE,NOT CODED,NOT CODED,NONE,NOT CODED,NOT CODED,15 PARKED MOTOR VEHICLE,"04 SIDESWIPE, SAME DIRECTION",00 NOT CODED,NOT CODED,NOT CODED,00 NOT CODED,00 NOT CODED,00 NOT CODED,00 NOT CODED,01 NO,0,0,0,0,0,0,2,0,N,N,N,N,Y,N,N,N,N,N,N,N,N,N,N,N,N,N,N,N,N,N,N,N,N,N,26.699388134,-80.058635044,593647.298708,2953486.099881,C,U,ARBM15Q1R2,"February 27, 2022",1487415,-8912086.783471176,3085964.822767312
2016862939590,2016,862939590,20160003658,COUNTY SHERIFF'S OFFICE,04 FOURTH,PALM BEACH,"February 25, 2016",2113,FRIDAY,9394 WEST PALM BEACH,0694,Y,VILLAGE BLVD,BRANDYWINE RD,0.1,W,0,0,26.714931,-80.100671,93577000,0.743,,,,L LEFT,1 THRU LANE 1,E EAST,,05 LOCAL,01 NON-JUNCTION,01 ON ROADWAY,03 T-INTERSECTION,01 PAVED,0,"December 31, 2000",,,,0,,0,,0,,,RCI,0,,,1 NO INJURY,33 Q/C VERIFIED AS OFF-SYSTEM,0 NO,01 NOT AT INTERSECTION/RRX/BRIDGE,04 DARK-LIGHTED,01 CLEAR,01 DRY,01 LEVEL,1 STRAIGHT,"TWO-WAY, NOT DIVIDED","TWO-WAY, DIVIDED, POSITIVE MED",NO CONTROLS,NO CONTROLS,,NONE,NOT CODED,NOT CODED,NONE,NOT CODED,NOT CODED,14 MOTOR VEHICLE IN TRANSPORT,03 ANGLE,05 TURNING RIGHT,IMPROPER TURN,NO CONTRIBUTING ACTION,00 NOT CODED,00 NOT CODED,00 NOT CODED,00 NOT CODED,01 NO,0,0,0,0,2,0,2,2,N,N,N,N,N,N,N,N,N,N,N,N,N,N,N,N,N,N,N,N,N,N,N,N,N,N,26.714930892,-80.10067112,589453.179235,2955177.474198,L,U,ARBM15Q1R2,"February 27, 2022",1487416,-8916766.219574317,3087901.666897724
2016862939600,2016,862939600,20160003662,COUNTY SHERIFF'S OFFICE,04 FOURTH,PALM BEACH,"February 25, 2016",2253,FRIDAY,9394 WEST PALM BEACH,0694,Y,FOREST HILL BLVD,GEORGIA AVE,0.028,E,0,0,26.6551356,-80.05879,93016000,9.057,02429,SR 882,,L LEFT,1 THRU LANE 1,W WEST,21 URBAN 4-5LN 2WY DIVD PAVD,04 COUNTY,02 INTERSECTION,01 ON ROADWAY,02 FOUR-WAY INTERSECTION,03 CURB,36,"June 1, 2015",16 URBAN MINOR ART,17,PAVED,1,RAISED CURB,0,,0,11,17200,RCI,3.1,,35,1 NO INJURY,31 Q/C COMPLETED - LOC VERIFIED,0 NO,03 INFLUENCED BY INTERSECTION,04 DARK-LIGHTED,01 CLEAR,01 DRY,00 NOT CODED,0 NOT CODED,NOT CODED,"TWO-WAY, NOT DIVIDED",NOT CODED,TRAFFIC CONTROL SIGNAL,4,NONE,NOT CODED,NOT CODED,NONE,NOT CODED,NOT CODED,14 MOTOR VEHICLE IN TRANSPORT,"04 SIDESWIPE, SAME DIRECTION",00 NOT CODED,NOT CODED,NO CONTRIBUTING ACTION,00 NOT CODED,00 NOT CODED,00 NOT CODED,00 NOT CODED,01 NO,0,0,0,0,1,0,2,1,N,N,N,Y,N,N,N,N,N,N,N,N,N,N,N,N,N,N,N,N,N,N,N,N,N,N,26.655149722,-80.058782945,593668.726744,2948586.006402,C,,ARBM15Q1R2,"February 27, 2022",1487417,-8912103.247683827,3080453.545924895
2016862939720,2016,862939720,20160003720,COUNTY SHERIFF'S OFFICE,04 FOURTH,PALM BEACH,"February 27, 2016",0515,SUNDAY,9394 WEST PALM BEACH,0694,Y,QUADRILLE BLVD S,CLEMATIS ST,0.095,N,0,0,26.7148412,-80.0549291,93020100,0.637,02397,SR 5,US 1,R RIGHT,S SIDE OF ROAD,N NORTH,11 URBAN 2-3LN 2WY DIVD PAVD,05 LOCAL,01 NON-JUNCTION,02 OFF ROADWAY,01 NOT AT INTERSECTION,03 CURB,41,"June 13, 2016",17 URBAN MAJOR COLLECTOR,11,PAVED WARN,12,CURB&GUTTER,2,,0,12,11400,RCI,2.6,,30,0 UNKNOWN/NOT CODED,31 Q/C COMPLETED - LOC VERIFIED,0 NO,03 INFLUENCED BY INTERSECTION,04 DARK-LIGHTED,01 CLEAR,01 DRY,01 LEVEL,1 STRAIGHT,"TWO-WAY, NOT DIVIDED",,NO CONTROLS,NOT CODED,2,NONE,NOT CODED,NOT CODED,NONE,NOT CODED,NOT CODED,32 TREE (STANDING),01 FRONT TO REAR,88 UNKNOWN,NOT CODED,NOT CODED,00 NOT CODED,00 NOT CODED,00 NOT CODED,00 NOT CODED,01 NO,0,0,0,0,0,0,1,0,N,N,N,Y,N,N,N,N,N,N,N,N,N,N,N,N,N,N,N,N,N,N,N,N,N,N,26.714838917,-80.054955683,594000.655054,2955200.192771,C,,ARBM15Q1R2,"February 27, 2022",1487421,-8911677.198760182,3087890.204820835
2016862939730,2016,862939730,20160003724,COUNTY SHERIFF'S OFFICE,04 FOURTH,PALM BEACH,"February 27, 2016",0938,SUNDAY,9394 WEST PALM BEACH,0694,Y,N JOG RD,HAMILTON BAY RD,0.492,N,0,0,26.736325,-80.13629,93000220,3.582,,,,L LEFT,S SIDE OF ROAD,W WEST,,04 COUNTY,01 NON-JUNCTION,01 ON ROADWAY,01 NOT AT INTERSECTION,03 CURB,0,"December 31, 2000",,,,0,,0,,0,,,RCI,0,,,1 NO INJURY,33 Q/C VERIFIED AS OFF-SYSTEM,0 NO,01 NOT AT INTERSECTION/RRX/BRIDGE,01 DAYLIGHT,02 CLOUDY,01 DRY,03 UPHILL,3 CURVE LEFT,"TWO-WAY, DIVIDED, POSITIVE MED",,NO CONTROLS,NOT CODED,,NONE,NONE,NONE,NONE,NONE,NONE,27 GUARDRAIL FACE,77 OTHER (SEE NARRATIVE),03 TURNING LEFT,OTHER CONTRIBUTING ACTION,NOT CODED,00 NOT CODED,00 NOT CODED,00 NOT CODED,00 NOT CODED,01 NO,0,0,0,0,1,0,1,1,N,N,N,N,Y,N,N,N,N,N,N,N,N,N,N,N,N,N,N,N,N,N,N,N,N,N,26.736325025,-80.136290314,585894.029071,2957522.632834,L,U,ARBM15Q1R2,"February 27, 2022",1487422,-8920731.331257032,3090568.106295712
2016862939760,2016,862939760,20160003739,COUNTY SHERIFF'S OFFICE,04 FOURTH,PALM BEACH,"February 27, 2016",1632,SUNDAY,9394 WEST PALM BEACH,0694,Y,FERN ST,S OLIVE AVE,0.038,E,0,0,26.710291,-80.051311,93900011,0.358,,,,L LEFT,P PARKING,0,,05 LOCAL,01 NON-JUNCTION,01 ON ROADWAY,01 NOT AT INTERSECTION,03 CURB,0,"December 31, 2000",,,,0,,0,,0,,,RCI,0,,,0 UNKNOWN/NOT CODED,33 Q/C VERIFIED AS OFF-SYSTEM,0 NO,01 NOT AT INTERSECTION/RRX/BRIDGE,01 DAYLIGHT,01 CLEAR,01 DRY,00 NOT CODED,0 NOT CODED,NOT CODED,"TWO-WAY, NOT DIVIDED",NOT CODED,NO CONTROLS,,NONE,NONE,NONE,NONE,NONE,NONE,15 PARKED MOTOR VEHICLE,01 FRONT TO REAR,00 NOT CODED,NOT CODED,NOT CODED,00 NOT CODED,00 NOT CODED,00 NOT CODED,00 NOT CODED,01 NO,0,0,0,0,0,0,2,0,N,N,N,N,Y,N,N,N,N,N,N,N,N,N,N,N,N,N,N,N,N,N,N,N,N,N,26.71029283,-80.051310955,594366.952961,2954699.344603,C,U,ARBM15Q1R2,"February 27, 2022",1487423,-8911271.469392346,3087323.67214497
2016862940130,2016,862940130,20160003895,COUNTY SHERIFF'S OFFICE,04 FOURTH,PALM BEACH,"March 1, 2016",1317,WEDNESDAY,9394 WEST PALM BEACH,0694,Y,DIXIE HWY S,PEMBROKE PL,0,,0,0,26.7047261,-80.0537727,93020001,1.361,00695,SR 5,US 1,L LEFT,2 THRU LANE 2,S SOUTH,11 URBAN 2-3LN 2WY DIVD PAVD,05 LOCAL,02 INTERSECTION,01 ON ROADWAY,03 T-INTERSECTION,03 CURB,43,"June 13, 2016",16 URBAN MINOR ART,21,CURB&GUTTER,2,,0,,0,11,18300,RCI,5.3,,35,3 NO-INCAPACITATING INJURY,32 Q/C NOT TO BE DONE ON CRASH,0 NO,02 AT INTERSECTION,01 DAYLIGHT,01 CLEAR,01 DRY,01 LEVEL,1 STRAIGHT,"TWO-WAY, DIVIDED, UNPROTECTED","TWO-WAY, DIVIDED, UNPROTECTED",NO CONTROLS,NO CONTROLS,3,NONE,NOT CODED,NOT CODED,NONE,NOT CODED,NOT CODED,14 MOTOR VEHICLE IN TRANSPORT,77 OTHER (SEE NARRATIVE),03 TURNING LEFT,FAILED TO YIELD RIGHT-OF-WAY,NO CONTRIBUTING ACTION,00 NOT CODED,00 NOT CODED,00 NOT CODED,00 NOT CODED,01 NO,1,0,0,0,2,0,2,2,N,N,N,Y,N,N,N,N,N,N,Y,N,N,N,N,N,N,N,N,N,N,N,N,N,N,N,26.704733909,-80.053756876,594128.212317,2954081.809454,C,,ARBM15Q1R2,"February 27, 2022",1487425,-8911543.748215236,3086630.9511115043
2016862940150,2016,862940150,20160003904,COUNTY SHERIFF'S OFFICE,04 FOURTH,PALM BEACH,"March 1, 2016",1445,WEDNESDAY,9394 WEST PALM BEACH,0694,Y,US-1,EDMOR RD,0.142,S,0,0,26.669553,-80.055152,93050000,5.412,,,,L LEFT,1 THRU LANE 1,S SOUTH,,02 U.S.,01 NON-JUNCTION,01 ON ROADWAY,01 NOT AT INTERSECTION,03 CURB,0,"December 31, 2000",,,,0,,0,,0,,,RCI,0,,,1 NO INJURY,33 Q/C VERIFIED AS OFF-SYSTEM,0 NO,01 NOT AT INTERSECTION/RRX/BRIDGE,01 DAYLIGHT,01 CLEAR,01 DRY,01 LEVEL,1 STRAIGHT,"TWO-WAY, NOT DIVIDED","TWO-WAY, NOT DIVIDED",NO CONTROLS,NO CONTROLS,,NONE,NOT CODED,NOT CODED,NONE,NOT CODED,NOT CODED,14 MOTOR VEHICLE IN TRANSPORT,01 FRONT TO REAR,01 STRAIGHT AHEAD,OPERATED MV IN CARLESS OR NEGL,NO CONTRIBUTING ACTION,00 NOT CODED,00 NOT CODED,00 NOT CODED,00 NOT CODED,01 NO,0,0,0,0,3,0,3,3,N,N,N,N,N,N,N,N,N,N,N,N,N,N,N,N,N,N,N,N,Y,Y,N,Y,N,N,26.669553112,-80.055154322,594018.055747,2950184.03552,C,U,ARBM15Q1R2,"February 27, 2022",1487426,-8911699.311178887,3082247.703645989
2016862940180,2016,862940180,20160003909,COUNTY SHERIFF'S OFFICE,04 FOURTH,PALM BEACH,"March 1, 2016",1442,WEDNESDAY,9394 WEST PALM BEACH,0694,Y,25TH ST,SPRUCE AVE,0.019,N,0,0,26.7363001,-80.0553484,93020000,10.185,03726,SR 5,US 1,R RIGHT,P PARKING,E EAST,12 URBAN 2-3LN 2WY UNDIVD,02 U.S.,01 NON-JUNCTION,01 ON ROADWAY,01 NOT AT INTERSECTION,03 CURB,49,"June 13, 2016",17 URBAN MAJOR COLLECTOR,23,PAVED,7,CURB&GUTTER,2,,0,,19500,RCI,2.7,,30,1 NO INJURY,31 Q/C COMPLETED - LOC VERIFIED,0 NO,02 AT INTERSECTION,01 DAYLIGHT,01 CLEAR,01 DRY,01 LEVEL,1 STRAIGHT,"TWO-WAY, NOT DIVIDED","TWO-WAY, NOT DIVIDED",NO CONTROLS,NO CONTROLS,2,NONE,NOT CODED,NOT CODED,NONE,NOT CODED,NOT CODED,15 PARKED MOTOR VEHICLE,03 ANGLE,03 TURNING LEFT,OPERATED MV IN CARLESS OR NEGL,NOT CODED,00 NOT CODED,00 NOT CODED,00 NOT CODED,00 NOT CODED,01 NO,0,0,0,0,1,0,2,1,N,N,Y,Y,N,N,N,N,N,N,N,N,N,N,N,N,N,N,N,N,N,N,N,N,N,N,26.736295244,-80.055265039,593952.258034,2957576.551764,C,,ARBM15Q1R2,"February 27, 2022",1487427,-8911711.636269616,3090564.394569742
2016862940190,2016,862940190,20160003911,COUNTY SHERIFF'S OFFICE,04 FOURTH,PALM BEACH,"March 1, 2016",1536,WEDNESDAY,9394 WEST PALM BEACH,0694,Y,BROADWAY,34TH ST,0.003,N,0,0,26.7443528,-80.0565797,93020000,10.828,00758,SR 5,US 1,R RIGHT,2 THRU LANE 2,S SOUTH,20 URBAN 4-5LN 2WY DIVD RASD,04 COUNTY,01 NON-JUNCTION,01 ON ROADWAY,01 NOT AT INTERSECTION,03 CURB,43,"June 13, 2016",16 URBAN MINOR ART,22,CURB&GUTTER,2,,0,,0,16,19500,RCI,2.7,,35,1 NO INJURY,31 Q/C COMPLETED - LOC VERIFIED,0 NO,13 PUBLIC BUS STOP ZONE,01 DAYLIGHT,01 CLEAR,01 DRY,01 LEVEL,1 STRAIGHT,"TWO-WAY, DIVIDED, POSITIVE MED","TWO-WAY, DIVIDED, POSITIVE MED",NO CONTROLS,NO CONTROLS,4,NONE,NOT CODED,NOT CODED,NONE,NOT CODED,NOT CODED,14 MOTOR VEHICLE IN TRANSPORT,01 FRONT TO REAR,01 STRAIGHT AHEAD,OPERATED MV IN CARLESS OR NEGL,NO CONTRIBUTING ACTION,00 NOT CODED,00 NOT CODED,00 NOT CODED,00 NOT CODED,01 NO,0,0,0,0,2,0,2,3,N,N,Y,N,N,N,N,N,N,N,N,N,N,N,N,N,N,N,N,N,N,Y,N,Y,N,N,26.74431217,-80.056591951,593813.712359,2958463.56122,C,,ARBM15Q1R2,"February 27, 2022",1487428,-8911859.347457994,3091563.706141075
2016862940240,2016,862940240,20160003922,COUNTY SHERIFF'S OFFICE,04 FOURTH,PALM BEACH,"March 1, 2016",1744,WEDNESDAY,9394 WEST PALM BEACH,0694,Y,CONGRESS AVE,EXECUTIVE CENTER DR,0,E,0,0,26.715783,-80.08167,93250500,1.79,,,,I INTERSECTION,M MIDDLE,E EAST,,04 COUNTY,02 INTERSECTION,01 ON ROADWAY,02 FOUR-WAY INTERSECTION,03 CURB,0,"December 31, 2000",,,,0,,0,,0,,,RCI,0,,,1 NO INJURY,33 Q/C VERIFIED AS OFF-SYSTEM,0 NO,02 AT INTERSECTION,01 DAYLIGHT,01 CLEAR,01 DRY,01 LEVEL,1 STRAIGHT,"TWO-WAY, NOT DIVIDED","TWO-WAY, NOT DIVIDED",TRAFFIC CONTROL SIGNAL,TRAFFIC CONTROL SIGNAL,,NONE,NOT CODED,NOT CODED,NONE,NOT CODED,NOT CODED,14 MOTOR VEHICLE IN TRANSPORT,03 ANGLE,05 TURNING RIGHT,IMPROPER TURN,NO CONTRIBUTING ACTION,00 NOT CODED,00 NOT CODED,00 NOT CODED,00 NOT CODED,01 NO,0,0,0,0,2,0,2,3,N,N,N,Y,N,N,N,N,N,N,N,N,N,N,N,N,N,N,N,N,N,N,N,N,N,N,26.715785073,-80.081667326,591342.8362,2955285.5669,C,U,ARBM15Q1R2,"February 27, 2022",1487429,-8914650.726262448,3088008.1174493916
2016862940250,2016,862940250,20160003926,COUNTY SHERIFF'S OFFICE,04 FOURTH,PALM BEACH,"March 1, 2016",1823,WEDNESDAY,9394 WEST PALM BEACH,0694,Y,JOG RD,OKEECHOBEE BLVD,0.009,N,0,0,26.7079583,-80.1516625,93280000,3.034,03728,SR 704,,T SIDE RD LEFT,L LEFT TURN,S SOUTH,30 URBAN 6+LN 2WY DIVD RASD,04 COUNTY,01 NON-JUNCTION,01 ON ROADWAY,01 NOT AT INTERSECTION,03 CURB,41,"June 2, 2014",14 URBAN PRIN ART OTHER,48,PAVED,4,CURB&GUTTER,2,,0,36,61000,RCI,1.7,,50,2 POSSIBLE INJURY,31 Q/C COMPLETED - LOC VERIFIED,1 ALC,02 AT INTERSECTION,02 DUSK,01 CLEAR,01 DRY,01 LEVEL,1 STRAIGHT,"TWO-WAY, DIVIDED, POSITIVE MED","TWO-WAY, DIVIDED, POSITIVE MED",NO CONTROLS,NO CONTROLS,8,NONE,NOT CODED,NOT CODED,NONE,NOT CODED,NOT CODED,14 MOTOR VEHICLE IN TRANSPORT,03 ANGLE,06 CHANGING LANES,OPERATED MV IN CARLESS OR NEGL,NO CONTRIBUTING ACTION,00 NOT CODED,00 NOT CODED,00 NOT CODED,00 NOT CODED,01 NO,2,0,0,0,2,0,2,5,N,N,N,Y,N,N,N,Y,N,N,N,N,N,N,N,N,N,N,N,N,N,N,N,N,N,N,26.708144141,-80.15170642,584381.645694,2954390.952484,L,,ARBM15Q1R2,"February 27, 2022",1487430,-8922447.44471926,3087055.9104715586
2016862944560,2016,862944560,20160005485,COUNTY SHERIFF'S OFFICE,04 FOURTH,PALM BEACH,"March 24, 2016",2048,FRIDAY,9394 WEST PALM BEACH,0694,Y,POINSETTIA AVE,26TH ST,0,E,0,0,26.736877,-80.052797,93000130,0.043,,,,I INTERSECTION,M MIDDLE,W WEST,,03 STATE,01 NON-JUNCTION,01 ON ROADWAY,02 FOUR-WAY INTERSECTION,03 CURB,0,"December 31, 2000",,,,0,,0,,0,,,RCI,0,,,1 NO INJURY,33 Q/C VERIFIED AS OFF-SYSTEM,0 NO,01 NOT AT INTERSECTION/RRX/BRIDGE,04 DARK-LIGHTED,01 CLEAR,02 WET,01 LEVEL,1 STRAIGHT,"TWO-WAY, NOT DIVIDED","TWO-WAY, NOT DIVIDED",NO CONTROLS,NO CONTROLS,,NONE,NOT CODED,NOT CODED,NONE,NOT CODED,NOT CODED,14 MOTOR VEHICLE IN TRANSPORT,03 ANGLE,10 MAKING U-TURN,OPERATED MV IN CARLESS OR NEGL,NO CONTRIBUTING ACTION,00 NOT CODED,00 NOT CODED,00 NOT CODED,00 NOT CODED,01 NO,0,0,0,0,2,0,2,4,N,N,N,N,N,N,N,N,N,N,Y,N,N,N,N,N,N,N,N,N,N,N,N,N,N,N,26.736875068,-80.052797335,594197.2026,2957642.5985,C,U,ARBM15Q1R2,"February 27, 2022",1487490,-8911436.932609322,3090636.667290423
2016862944580,2016,862944580,20160005495,COUNTY SHERIFF'S OFFICE,04 FOURTH,PALM BEACH,"March 25, 2016",0158,SATURDAY,9394 WEST PALM BEACH,0694,Y,PALM BEACH LAKES BLVD,W EXECUTIVE CENTER DR,0.016,W,0,0,26.720885,-80.087717,93014500,1.272,,,,R RIGHT,2 THRU LANE 2,E EAST,,05 LOCAL,01 NON-JUNCTION,01 ON ROADWAY,01 NOT AT INTERSECTION,03 CURB,0,"December 31, 2000",,,,0,,0,,0,,,RCI,0,,,2 POSSIBLE INJURY,33 Q/C VERIFIED AS OFF-SYSTEM,0 NO,01 NOT AT INTERSECTION/RRX/BRIDGE,04 DARK-LIGHTED,01 CLEAR,01 DRY,01 LEVEL,1 STRAIGHT,"TWO-WAY, DIVIDED, POSITIVE MED","TWO-WAY, DIVIDED, POSITIVE MED",TRAFFIC CONTROL SIGNAL,TRAFFIC CONTROL SIGNAL,,NONE,NOT CODED,NOT CODED,NONE,NOT CODED,NOT CODED,14 MOTOR VEHICLE IN TRANSPORT,01 FRONT TO REAR,01 STRAIGHT AHEAD,OPERATED MV IN CARLESS OR NEGL,NO CONTRIBUTING ACTION,00 NOT CODED,00 NOT CODED,00 NOT CODED,00 NOT CODED,01 NO,3,0,0,0,2,0,2,4,N,N,N,N,N,N,N,N,N,N,Y,N,N,N,N,N,N,N,N,N,N,N,N,N,N,N,26.72088492,-80.087716889,590737.035957,2955846.120192,R,U,ARBM15Q1R2,"February 27, 2022",1487491,-8915324.160602976,3088643.691777782
2016862944590,2016,862944590,20160005498,COUNTY SHERIFF'S OFFICE,04 FOURTH,PALM BEACH,"March 25, 2016",0243,SATURDAY,9394 WEST PALM BEACH,0694,Y,SPRUCE AVE,20TH ST,0.001,N,0,0,26.732337,-80.054934,93900016,0.627,,,,L LEFT,1 THRU LANE 1,N NORTH,,05 LOCAL,01 NON-JUNCTION,01 ON ROADWAY,02 FOUR-WAY INTERSECTION,03 CURB,0,"December 31, 2000",,,,0,,0,,0,,,RCI,0,,,2 POSSIBLE INJURY,33 Q/C VERIFIED AS OFF-SYSTEM,0 NO,01 NOT AT INTERSECTION/RRX/BRIDGE,04 DARK-LIGHTED,01 CLEAR,01 DRY,01 LEVEL,1 STRAIGHT,"TWO-WAY, NOT DIVIDED","TWO-WAY, NOT DIVIDED",NO CONTROLS,NO CONTROLS,,NONE,NOT CODED,NOT CODED,NONE,NOT CODED,NOT CODED,14 MOTOR VEHICLE IN TRANSPORT,03 ANGLE,03 TURNING LEFT,NOT CODED,NO CONTRIBUTING ACTION,00 NOT CODED,00 NOT CODED,00 NOT CODED,00 NOT CODED,01 NO,1,0,0,0,1,0,2,1,N,N,N,N,Y,N,N,N,N,N,N,N,N,N,N,N,N,N,N,N,N,N,N,N,N,N,26.73233705,-80.054937089,593988.127271,2957138.368121,C,U,ARBM15Q1R2,"February 27, 2022",1487492,-8911675.129012596,3090071.030708878
2016862944600,2016,862944600,20160005500,COUNTY SHERIFF'S OFFICE,04 FOURTH,PALM BEACH,"March 25, 2016",0401,SATURDAY,9394 WEST PALM BEACH,0694,Y,8TH ST,N SAPODILLA AVE,0.007,W,0,0,26.720759,-80.058609,93A05161,0.234,,,,L LEFT,S SIDE OF ROAD,W WEST,,05 LOCAL,01 NON-JUNCTION,01 ON ROADWAY,02 FOUR-WAY INTERSECTION,03 CURB,0,"December 31, 2000",,,,0,,0,,0,,,RCI,0,,,0 UNKNOWN/NOT CODED,33 Q/C VERIFIED AS OFF-SYSTEM,0 NO,01 NOT AT INTERSECTION/RRX/BRIDGE,04 DARK-LIGHTED,01 CLEAR,01 DRY,03 UPHILL,1 STRAIGHT,ONE-WAY TRAFFICWAY,,NO CONTROLS,NOT CODED,,NONE,NOT CODED,NOT CODED,NONE,NOT CODED,NOT CODED,32 TREE (STANDING),03 ANGLE,05 TURNING RIGHT,NOT CODED,NOT CODED,00 NOT CODED,00 NOT CODED,00 NOT CODED,00 NOT CODED,01 NO,0,0,0,0,0,0,1,0,N,N,N,N,Y,N,N,N,N,N,N,N,N,N,N,N,N,N,N,N,N,N,N,N,N,N,26.720758879,-80.058609005,593632.40639,2955853.220335,C,U,ARBM15Q1R2,"February 27, 2022",1487493,-8912083.884925278,3088627.983472989
2016862953060,2016,862953060,20160008441,COUNTY SHERIFF'S OFFICE,04 FOURTH,PALM BEACH,"May 6, 2016",1819,SATURDAY,9394 WEST PALM BEACH,0694,Y,SOUTHERN BLVD,LAKE AVE,0,,0,0,26.6758635,-80.0610916,93120000,20.489,00375,SR 80,US 98,R RIGHT,1 THRU LANE 1,E EAST,21 URBAN 4-5LN 2WY DIVD PAVD,03 STATE,02 INTERSECTION,01 ON ROADWAY,02 FOUR-WAY INTERSECTION,01 PAVED,40,"June 1, 2015",14 URBAN PRIN ART OTHER,22,RAISED CURB,0,,0,,0,12,23500,RCI,4.6,,35,1 NO INJURY,31 Q/C COMPLETED - LOC VERIFIED,0 NO,02 AT INTERSECTION,01 DAYLIGHT,01 CLEAR,01 DRY,00 NOT CODED,0 NOT CODED,NOT CODED,"TWO-WAY, NOT DIVIDED",NOT CODED,NO CONTROLS,4,NONE,NOT CODED,NOT CODED,NONE,NOT CODED,NOT CODED,14 MOTOR VEHICLE IN TRANSPORT,77 OTHER (SEE NARRATIVE),00 NOT CODED,NOT CODED,NO CONTRIBUTING ACTION,00 NOT CODED,00 NOT CODED,00 NOT CODED,00 NOT CODED,01 NO,0,0,0,0,1,0,2,1,N,N,N,Y,N,N,N,N,N,N,N,N,N,N,N,N,N,N,N,N,N,N,N,N,N,N,26.675851279,-80.061240821,593407.247106,2950877.170348,C,,ARBM15Q1R2,"February 27, 2022",1487523,-8912376.857287433,3083032.3056014017
2016862955620,2016,862955620,20160009319,COUNTY SHERIFF'S OFFICE,04 FOURTH,PALM BEACH,"May 20, 2016",0803,SATURDAY,9394 WEST PALM BEACH,0694,Y,24TH ST,BROADWAY,0.008,E,0,0,26.7362199,-80.0568245,93020002,0.008,00749,SR 5,US 1,L LEFT,S SIDE OF ROAD,0,12 URBAN 2-3LN 2WY UNDIVD,03 STATE,01 NON-JUNCTION,02 OFF ROADWAY,01 NOT AT INTERSECTION,03 CURB,49,"June 13, 2016",17 URBAN MAJOR COLLECTOR,22,PAVED,7,CURB&GUTTER,2,,0,,19500,RCI,2.7,,30,0 UNKNOWN/NOT CODED,31 Q/C COMPLETED - LOC VERIFIED,0 NO,03 INFLUENCED BY INTERSECTION,01 DAYLIGHT,01 CLEAR,01 DRY,01 LEVEL,1 STRAIGHT,"TWO-WAY, NOT DIVIDED",,UNKNOWN,NOT CODED,2,NONE,NOT CODED,NOT CODED,NONE,NONE,NOT CODED,14 MOTOR VEHICLE IN TRANSPORT,03 ANGLE,88 UNKNOWN,NOT CODED,NOT CODED,00 NOT CODED,00 NOT CODED,00 NOT CODED,00 NOT CODED,01 NO,0,0,0,0,0,0,1,0,N,N,N,Y,N,N,N,N,N,N,N,N,N,N,N,N,N,N,N,N,N,N,N,N,N,N,26.736218704,-80.056814606,593798.210682,2957566.931445,C,,ARBM15Q1R2,"February 27, 2022",1487524,-8911884.133310243,3090554.853998498