Crash Id,Calendar Year,FDOT Crash Number,Reporting Agency Case Number,Reporting Agency Type,FDOT Managing District,County Name,Crash Date,Crash Time,Day,DHSMV City,Crash Report City Code,In Town,On Roadway Name,Int Roadway Name,Reference Distance (Miles),Reference Direction,Officer Latitude,Officer Longitude,FDOT Latitude,FDOT Longitude,FDOT Roadway,Nearest Inventory MP,Nearest Node From Crash,State Road #,US Highway,Crash Side of Road,Accident Lane Number,Travel Direction Vehicle 1,FDOT Road Category,DHSMV Road System Id,Relation to Junction,Crash Harmful Event Location,Intersection Type,Shoulder Type,FDOT Roadway SKID Test Result,FDOT Roadway SKID Test Date,Functional Class,RCI Surface Width,RCI Shoulder Type First,RCI Shoulder Width First,RCI Shoulder Type Second,RCI Shoulder Width Second,RCI Shoulder Type Third,RCI Shoulder Width Third,RCI Median Width,Avg Daily Traffic,AADT Source,RCI Avg Per Truck Traffic,RCI Horiz Curve Condition,Posted Speed Limit,Highest Injury in Crash,CAR Status Code,Alcohols/Drug Involved,Site Location,Lighting,Weather,Road Surface,Roadway Grade,Roadway Alignment,Traffic Way Vehicle 1,Traffic Way Vehicle 2,Traffic Control Vehicle 1,Traffic Control Vehicle 2,Count of Lanes,Road Condition 1,Road Condition 2,Road Condition 3,Environment Condition 1,Environment Condition 2,Environment Condition 3,Crash Harmful Event,Manner of Collision,Vehicle Movement,Driver Action Vehicle 1,Driver Action Vehicle 2,Location Within Workzone,Type of Workzone,Workers Present in Workzone,Law Enforcement Present in Workzone,School Bus Related,Count of Nonfatal Injuries,Count of Traffic Fatalities,Count of Serious Injuries,Count of Pedestrians,Count of Drivers,Count of Bicyclists,Count of Vehicles,Count of Persons,Wrong Way,Workzone Inv,Commercial Vehicle Inv,Intersection Inv,Lane Departure,Speeding,Agressive Driving,Impaired Driver,Impaired Pedestrian,Impaired Bicyclist,Distracted Driver,Speeding or Aggressive Driving,Pedestrian Related,Bicyclist Related,Pedestrian or Bicyclist Related,Motorcycle Inv,No Belt,No Belt - Ages 1-4,No Belt - Ages 5-12,No Belt - Ages 13-17,Driver - Ages Teen,Driver - Ages 65 plus,Driver - Ages 65-69,Driver - Ages 70-74,Driver - Ages 75-79,Driver - Ages 80 plus,ARBM Latitude,ARBM Longitude,UTM Zone 17N X,UTM Zone 17N Y,ARBM Side of Road,Urban Rural Indicator,GIS Street Source,Extract Date,OBJECTID,x,y
2016851434780,2016,851434780,FHPL16OFF042620,FLORIDA HIGHWAY PATROL,04 FOURTH,PALM BEACH,"June 16, 2016",0720,FRIDAY,9394 WEST PALM BEACH,0694,N,I 95,SR 702,0.5,N,26.7693844,-80.0954563,26.7599175,-80.0913646,93220000,31.297,06145,SR 9,I 95,L LEFT,4 THRU LANE 4,S SOUTH,01 INTERSTATE URBAN,01 INTERSTATE,01 NON-JUNCTION,01 ON ROADWAY,01 NOT AT INTERSECTION,01 PAVED,34,"June 2, 2015",11 URBAN PRIN ART INT.,64,PAVED WARN,10,,0,,0,32,213000,RCI,7.3,,65,2 POSSIBLE INJURY,31 Q/C COMPLETED - LOC VERIFIED,0 NO,01 NOT AT INTERSECTION/RRX/BRIDGE,01 DAYLIGHT,02 CLOUDY,01 DRY,04 DOWNHILL,1 STRAIGHT,"TWO-WAY, DIVIDED, POSITIVE MED","TWO-WAY, DIVIDED, POSITIVE MED",NO CONTROLS,NO CONTROLS,10,DEBRIS,NOT CODED,NOT CODED,NONE,NOT CODED,NOT CODED,14 MOTOR VEHICLE IN TRANSPORT,01 FRONT TO REAR,01 STRAIGHT AHEAD,OTHER CONTRIBUTING ACTION,FOLLOWED TOO CLOSELY,00 NOT CODED,00 NOT CODED,00 NOT CODED,00 NOT CODED,01 NO,1,0,0,0,4,0,4,4,N,N,N,N,N,N,N,N,N,N,N,N,N,N,N,N,N,N,N,N,N,N,N,N,N,N,26.759741968,-80.091609541,590319.142053,2960147.295364,L,,ARBM15Q1R2,"February 27, 2022",1589423,-8915757.488915054,3093487.232282865
2016851434790,2016,851434790,FHPL16OFF042629,FLORIDA HIGHWAY PATROL,04 FOURTH,PALM BEACH,"June 16, 2016",0720,FRIDAY,9394 WEST PALM BEACH,0694,Y,SR 9,SR 702,0.5,S,26.770689,-80.0959822,26.7455962,-80.0902253,93220000,30.297,01188,SR 9,I 95,L LEFT,5 THRU LANE 5,S SOUTH,01 INTERSTATE URBAN,01 INTERSTATE,01 NON-JUNCTION,01 ON ROADWAY,01 NOT AT INTERSECTION,01 PAVED,34,"June 2, 2015",11 URBAN PRIN ART INT.,78,PAVED,10,LAWN,12,,0,32,213000,RCI,7.3,,65,1 NO INJURY,31 Q/C COMPLETED - LOC VERIFIED,0 NO,01 NOT AT INTERSECTION/RRX/BRIDGE,01 DAYLIGHT,02 CLOUDY,01 DRY,04 DOWNHILL,1 STRAIGHT,"TWO-WAY, DIVIDED, POSITIVE MED","TWO-WAY, DIVIDED, POSITIVE MED",NO CONTROLS,NO CONTROLS,11,DEBRIS,NOT CODED,NOT CODED,NONE,NOT CODED,NOT CODED,14 MOTOR VEHICLE IN TRANSPORT,01 FRONT TO REAR,14 SLOWING,OPERATED MV IN CARLESS OR NEGL,NO CONTRIBUTING ACTION,00 NOT CODED,00 NOT CODED,00 NOT CODED,00 NOT CODED,01 NO,0,0,0,0,2,0,2,2,N,N,Y,N,N,N,N,N,N,N,N,N,N,N,N,N,N,N,N,N,N,N,N,N,N,N,26.745400536,-80.090553177,590435.529978,2958559.535971,L,,ARBM15Q1R2,"February 27, 2022",1589424,-8915639.894950697,3091699.376646643
2016851434820,2016,851434820,FHPL16OFF043403,FLORIDA HIGHWAY PATROL,04 FOURTH,PALM BEACH,"June 19, 2016",0753,MONDAY,9394 WEST PALM BEACH,0694,Y,SR 9,SR 702,0.2,S,26.7579592,-80.0900673,26.7558155,-80.0897064,93220074,0.026,01188,SR 9,I 95,R RIGHT,X RAMP,N NORTH,07 RAMP URBAN,01 INTERSTATE,14 ENTRANCE/EXIT RAMP,01 ON ROADWAY,01 NOT AT INTERSECTION,01 PAVED,0,"December 31, 2000",,24,PAVED,11,,0,,0,,20500,RCI,2.8,,,2 POSSIBLE INJURY,31 Q/C COMPLETED - LOC VERIFIED,0 NO,08 EXIT RAMP,01 DAYLIGHT,02 CLOUDY,01 DRY,01 LEVEL,1 STRAIGHT,"TWO-WAY, DIVIDED, POSITIVE MED","TWO-WAY, DIVIDED, POSITIVE MED",NO CONTROLS,NO CONTROLS,2,NONE,NOT CODED,NOT CODED,NONE,NOT CODED,NOT CODED,14 MOTOR VEHICLE IN TRANSPORT,01 FRONT TO REAR,14 SLOWING,NOT CODED,NO CONTRIBUTING ACTION,00 NOT CODED,00 NOT CODED,00 NOT CODED,00 NOT CODED,01 NO,1,0,0,0,2,0,3,3,N,N,N,N,N,N,N,N,N,N,N,N,N,N,N,N,N,N,N,N,N,N,N,N,N,N,26.755813673,-80.089718791,590510.256943,2959713.526209,O,,ARBM15Q1R2,"February 27, 2022",1589983,-8915547.01159017,3092997.494161188
2016851979550,2016,851979550,FHPL16OFF003182,FLORIDA HIGHWAY PATROL,04 FOURTH,PALM BEACH,"January 14, 2016",1100,FRIDAY,9394 WEST PALM BEACH,0694,N,I 95,OKEECHOBEE BLVD,0.009,S,26.7052784,-80.0734333,26.7056242,-80.0728456,93220061,0.167,01757,SR 9,I 95,R RIGHT,X RAMP,N NORTH,07 RAMP URBAN,01 INTERSTATE,14 ENTRANCE/EXIT RAMP,01 ON ROADWAY,01 NOT AT INTERSECTION,01 PAVED,0,"December 31, 2000",,12,CURB&GUTTER,6,CURB&GUTTER,2,,0,,12500,RCI,2.8,,,1 NO INJURY,31 Q/C COMPLETED - LOC VERIFIED,0 NO,08 EXIT RAMP,01 DAYLIGHT,02 CLOUDY,02 WET,01 LEVEL,1 STRAIGHT,"TWO-WAY, DIVIDED, POSITIVE MED","TWO-WAY, DIVIDED, POSITIVE MED",TRAFFIC CONTROL SIGNAL,TRAFFIC CONTROL SIGNAL,1,"RD SURFC (WET, ICY, SNOW, ETC)",NOT CODED,NOT CODED,WEATHER CONDITIONS,NOT CODED,NOT CODED,14 MOTOR VEHICLE IN TRANSPORT,01 FRONT TO REAR,01 STRAIGHT AHEAD,DROVE TOO FAST FOR CONDITIONS,NO CONTRIBUTING ACTION,00 NOT CODED,00 NOT CODED,00 NOT CODED,00 NOT CODED,01 NO,0,0,0,0,2,0,2,2,N,N,N,N,N,Y,N,N,N,N,N,Y,N,N,N,N,N,N,N,N,Y,N,N,N,N,N,26.705636742,-80.072852662,592227.817448,2954167.852305,O,,ARBM15Q1R2,"February 27, 2022",1590287,-8913669.482090937,3086743.45456761
2016851979560,2016,851979560,FHPL16OFF003225,FLORIDA HIGHWAY PATROL,04 FOURTH,PALM BEACH,"January 14, 2016",1310,FRIDAY,9394 WEST PALM BEACH,0694,N,I 95,45TH ST,0.473,S,26.7596182,-80.0960351,26.749442,-80.0900143,93220000,30.562,01188,SR 9,I 95,L LEFT,S SIDE OF ROAD,S SOUTH,01 INTERSTATE URBAN,01 INTERSTATE,01 NON-JUNCTION,03 SHOULDER,01 NOT AT INTERSECTION,01 PAVED,34,"June 2, 2015",11 URBAN PRIN ART INT.,64,PAVED,11,LAWN,12,,0,32,213000,RCI,7.3,,65,1 NO INJURY,31 Q/C COMPLETED - LOC VERIFIED,0 NO,01 NOT AT INTERSECTION/RRX/BRIDGE,01 DAYLIGHT,02 CLOUDY,02 WET,01 LEVEL,1 STRAIGHT,"TWO-WAY, DIVIDED, POSITIVE MED",,NO CONTROLS,NOT CODED,10,"RD SURFC (WET, ICY, SNOW, ETC)",NOT CODED,NOT CODED,NONE,NOT CODED,NOT CODED,30 CONCRETE TRAFFIC BARRIER,77 OTHER (SEE NARRATIVE),01 STRAIGHT AHEAD,OVER-CORRECTING/OVERSTEERING,NOT CODED,00 NOT CODED,00 NOT CODED,00 NOT CODED,00 NOT CODED,01 NO,0,0,0,0,1,0,1,1,N,N,N,N,Y,N,N,N,N,N,N,N,N,N,N,N,N,N,N,N,N,N,N,N,N,N,26.749249397,-80.090348737,590452.81416,2958985.994899,L,,ARBM15Q1R2,"February 27, 2022",1590288,-8915617.136772761,3092179.1676111487
2016851979640,2016,851979640,FHPL16OFF007159,FLORIDA HIGHWAY PATROL,04 FOURTH,PALM BEACH,"January 29, 2016",2200,SATURDAY,9394 WEST PALM BEACH,0694,N,I 95,FOREST HILL BLVD,0.189,S,26.6590116,-80.07005,26.6525678,-80.0688085,93220000,23.319,02216,SR 9,I 95,R RIGHT,5 THRU LANE 5,N NORTH,01 INTERSTATE URBAN,01 INTERSTATE,01 NON-JUNCTION,01 ON ROADWAY,01 NOT AT INTERSECTION,01 PAVED,35,"June 2, 2015",11 URBAN PRIN ART INT.,64,PAVED WARN,10,,0,,0,32,230000,RCI,5.7,,65,1 NO INJURY,31 Q/C COMPLETED - LOC VERIFIED,0 NO,01 NOT AT INTERSECTION/RRX/BRIDGE,04 DARK-LIGHTED,01 CLEAR,01 DRY,01 LEVEL,1 STRAIGHT,"TWO-WAY, DIVIDED, POSITIVE MED","TWO-WAY, DIVIDED, POSITIVE MED",NO CONTROLS,NO CONTROLS,10,NONE,NOT CODED,NOT CODED,NONE,NOT CODED,NOT CODED,14 MOTOR VEHICLE IN TRANSPORT,"04 SIDESWIPE, SAME DIRECTION",06 CHANGING LANES,FAILED TO KEEP IN PROPER LANE,NO CONTRIBUTING ACTION,00 NOT CODED,00 NOT CODED,00 NOT CODED,00 NOT CODED,01 NO,0,0,0,0,2,0,2,2,N,N,N,N,Y,N,N,N,N,N,N,N,N,N,N,N,N,N,N,N,N,N,N,N,N,N,26.652320028,-80.06877112,592676.94864,2948265.294496,R,,ARBM15Q1R2,"February 27, 2022",1590378,-8913215.126606952,3080101.0917595997
2016851994750,2016,851994750,FHPL16OFF001231,FLORIDA HIGHWAY PATROL,04 FOURTH,PALM BEACH,"January 5, 2016",1710,WEDNESDAY,9394 WEST PALM BEACH,0694,N,I 95,SR 708,0.4,S,26.78331,-80.0978999,26.777926,-80.0983842,93220000,32.61,01214,SR 9,I 95,R RIGHT,1 THRU LANE 1,N NORTH,01 INTERSTATE URBAN,01 INTERSTATE,01 NON-JUNCTION,01 ON ROADWAY,01 NOT AT INTERSECTION,01 PAVED,34,"June 2, 2015",11 URBAN PRIN ART INT.,64,PAVED WARN,11,,0,,0,32,213000,RCI,7.3,,65,1 NO INJURY,31 Q/C COMPLETED - LOC VERIFIED,0 NO,01 NOT AT INTERSECTION/RRX/BRIDGE,02 DUSK,02 CLOUDY,02 WET,01 LEVEL,1 STRAIGHT,"TWO-WAY, DIVIDED, POSITIVE MED","TWO-WAY, DIVIDED, POSITIVE MED",NO CONTROLS,NO CONTROLS,11,NONE,NOT CODED,NOT CODED,NONE,NOT CODED,NOT CODED,14 MOTOR VEHICLE IN TRANSPORT,03 ANGLE,06 CHANGING LANES,OTHER CONTRIBUTING ACTION,NO CONTRIBUTING ACTION,00 NOT CODED,00 NOT CODED,00 NOT CODED,00 NOT CODED,01 NO,0,0,0,0,2,0,2,2,N,N,N,N,N,N,N,N,N,N,N,N,N,N,N,N,N,N,N,N,N,N,N,N,N,N,26.777799917,-80.09836153,589633.596697,2962142.686962,R,,ARBM15Q1R2,"February 27, 2022",1590383,-8916509.117187692,3095738.723636154
2016851402840,2016,851402840,FHPL16OFF003657,FLORIDA HIGHWAY PATROL,04 FOURTH,PALM BEACH,"January 15, 2016",2035,SATURDAY,9394 WEST PALM BEACH,0694,N,I 95,SR 702,0.5,S,26.7458066,-80.090115,26.7490502,-80.0900358,93220000,30.535,01188,SR 9,I 95,R RIGHT,4 THRU LANE 4,N NORTH,01 INTERSTATE URBAN,01 INTERSTATE,01 NON-JUNCTION,01 ON ROADWAY,01 NOT AT INTERSECTION,01 PAVED,34,"June 2, 2015",11 URBAN PRIN ART INT.,64,PAVED,11,LAWN,12,,0,32,213000,RCI,7.3,,65,2 POSSIBLE INJURY,31 Q/C COMPLETED - LOC VERIFIED,0 NO,01 NOT AT INTERSECTION/RRX/BRIDGE,04 DARK-LIGHTED,01 CLEAR,01 DRY,01 LEVEL,1 STRAIGHT,"TWO-WAY, DIVIDED, POSITIVE MED","TWO-WAY, DIVIDED, POSITIVE MED",NO CONTROLS,NO CONTROLS,10,NONE,NOT CODED,NOT CODED,NONE,NOT CODED,NOT CODED,14 MOTOR VEHICLE IN TRANSPORT,"04 SIDESWIPE, SAME DIRECTION",06 CHANGING LANES,"OPER MV AGRSIVE, ERATIC, RCKLS",NO CONTRIBUTING ACTION,00 NOT CODED,00 NOT CODED,00 NOT CODED,00 NOT CODED,01 NO,1,0,0,0,3,0,3,6,N,N,N,N,Y,N,Y,N,N,N,N,Y,N,N,N,N,N,N,N,N,N,N,N,N,N,N,26.748900699,-80.09007107,590480.701897,2958947.569208,R,,ARBM15Q1R2,"February 27, 2022",1590543,-8915586.227133002,3092135.6989782318
2016851402860,2016,851402860,FHPL16OFF004897,FLORIDA HIGHWAY PATROL,04 FOURTH,PALM BEACH,"January 21, 2016",1050,FRIDAY,9394 WEST PALM BEACH,0694,N,I 95,SR 80,0.002,S,26.6731383,-80.0696716,26.6752819,-80.0695158,93220000,24.899,02265,SR 9,I 95,R RIGHT,5 THRU LANE 5,N NORTH,01 INTERSTATE URBAN,01 INTERSTATE,01 NON-JUNCTION,01 ON ROADWAY,01 NOT AT INTERSECTION,01 PAVED,35,"June 2, 2015",11 URBAN PRIN ART INT.,64,PAVED WARN,11,LAWN,12,,0,32,197000,RCI,7.1,,65,1 NO INJURY,31 Q/C COMPLETED - LOC VERIFIED,0 NO,01 NOT AT INTERSECTION/RRX/BRIDGE,01 DAYLIGHT,03 RAIN,02 WET,01 LEVEL,1 STRAIGHT,"TWO-WAY, DIVIDED, POSITIVE MED","TWO-WAY, DIVIDED, POSITIVE MED",NO CONTROLS,NO CONTROLS,10,NONE,NOT CODED,NOT CODED,NONE,NOT CODED,NOT CODED,14 MOTOR VEHICLE IN TRANSPORT,77 OTHER (SEE NARRATIVE),01 STRAIGHT AHEAD,OTHER CONTRIBUTING ACTION,NO CONTRIBUTING ACTION,00 NOT CODED,00 NOT CODED,00 NOT CODED,00 NOT CODED,01 NO,0,0,0,0,2,0,2,2,N,N,N,N,N,N,N,N,N,N,N,N,N,N,N,N,N,N,N,N,N,N,N,N,N,N,26.675051857,-80.069573622,592578.728711,2950782.551569,R,,ARBM15Q1R2,"February 27, 2022",1590545,-8913304.460699363,3082932.7143177465
2016852254350,2016,852254350,FHPK16OFF014969,FLORIDA HIGHWAY PATROL,08 TURNPIKE,PALM BEACH,"March 10, 2016",0900,FRIDAY,9394 WEST PALM BEACH,0694,N,SR 91,MILE MARKER #104,0,,26.76548,-80.1334899,26.7644155,-80.1335752,93470000,30.812,01484,SR 91,,M MEDIAN,M MIDDLE,S SOUTH,03 TOLL ROAD URBAN,06 TURNPIKE/TOLL,01 NON-JUNCTION,01 ON ROADWAY,01 NOT AT INTERSECTION,02 UNPAVED,36,"June 14, 2016",12 URBAN PRIN ART EXPR.,24,PAVED WARN,10,LAWN,12,,0,20,68700,RCI,12.6,,70,2 POSSIBLE INJURY,31 Q/C COMPLETED - LOC VERIFIED,0 NO,01 NOT AT INTERSECTION/RRX/BRIDGE,01 DAYLIGHT,01 CLEAR,01 DRY,01 LEVEL,1 STRAIGHT,"TWO-WAY, DIVIDED, POSITIVE MED","TWO-WAY, DIVIDED, POSITIVE MED",NO CONTROLS,NO CONTROLS,4,OTHER (SEE NARRATIVE),NOT CODED,NOT CODED,NONE,NOT CODED,NOT CODED,14 MOTOR VEHICLE IN TRANSPORT,77 OTHER (SEE NARRATIVE),01 STRAIGHT AHEAD,OPERATED MV IN CARLESS OR NEGL,NO CONTRIBUTING ACTION,00 NOT CODED,00 NOT CODED,00 NOT CODED,00 NOT CODED,01 NO,1,0,0,0,3,0,3,3,N,N,Y,N,N,N,N,N,N,N,N,N,N,N,N,N,N,N,N,N,N,N,N,N,N,N,26.764313799,-80.133571582,586143.310804,2960624.586593,R,,ARBM15Q1R2,"February 27, 2022",1590711,-8920428.683451837,3094057.2209075405
2016851434520,2016,851434520,FHPL16OFF025138,FLORIDA HIGHWAY PATROL,04 FOURTH,PALM BEACH,"April 10, 2016",0853,MONDAY,9394 WEST PALM BEACH,0694,Y,SR 9,SR 704,0.095,N,26.70595,-80.07438,26.704776,-80.0745427,93220000,27.086,01180,SR 9,I 95,L LEFT,4 THRU LANE 4,S SOUTH,01 INTERSTATE URBAN,01 INTERSTATE,01 NON-JUNCTION,01 ON ROADWAY,01 NOT AT INTERSECTION,01 PAVED,35,"June 2, 2015",11 URBAN PRIN ART INT.,64,PAVED WARN,7,LAWN,0,,0,32,229000,RCI,6,0D4500,65,3 NO-INCAPACITATING INJURY,31 Q/C COMPLETED - LOC VERIFIED,0 NO,01 NOT AT INTERSECTION/RRX/BRIDGE,01 DAYLIGHT,02 CLOUDY,01 DRY,01 LEVEL,1 STRAIGHT,"TWO-WAY, DIVIDED, POSITIVE MED","TWO-WAY, DIVIDED, POSITIVE MED",NO CONTROLS,NO CONTROLS,10,OBSTRUCTION IN ROADWAY,NOT CODED,NOT CODED,PHYSICAL OBSTRUCTION(S),NOT CODED,NOT CODED,14 MOTOR VEHICLE IN TRANSPORT,01 FRONT TO REAR,14 SLOWING,FAILED TO KEEP IN PROPER LANE,NO CONTRIBUTING ACTION,00 NOT CODED,00 NOT CODED,00 NOT CODED,00 NOT CODED,01 NO,2,0,0,0,2,0,2,2,N,N,N,N,Y,N,N,N,N,N,N,N,N,N,N,N,N,N,N,N,N,N,N,N,N,N,26.704582417,-80.074756394,592039.281736,2954049.695916,L,,ARBM15Q1R2,"February 27, 2022",1591126,-8913881.40459235,3086612.0733474065
2016852254330,2016,852254330,FHPK16OFF005696,FLORIDA HIGHWAY PATROL,08 TURNPIKE,PALM BEACH,"January 27, 2016",0945,THURSDAY,9394 WEST PALM BEACH,0694,N,SR 91,OKEECHOBEE BLVD,0.076,N,26.69628,-80.1519799,26.7086608,-80.1370814,93470113,0.51,04602,SR 91,,L LEFT,B TOLL PLAZAS,S SOUTH,08 RAMP RURAL,06 TURNPIKE/TOLL,77 OTHER (SEE NARRATIVE),01 ON ROADWAY,01 NOT AT INTERSECTION,02 UNPAVED,0,"December 31, 2000",,48,CURB&GUTTER,2,,0,,0,,4850,RCI,11.2,,,2 POSSIBLE INJURY,31 Q/C COMPLETED - LOC VERIFIED,0 NO,08 EXIT RAMP,01 DAYLIGHT,03 RAIN,02 WET,01 LEVEL,1 STRAIGHT,"TWO-WAY, DIVIDED, POSITIVE MED","TWO-WAY, DIVIDED, POSITIVE MED",WARNING SIGN,WARNING SIGN,4,"RD SURFC (WET, ICY, SNOW, ETC)",NOT CODED,NOT CODED,WEATHER CONDITIONS,NOT CODED,NOT CODED,14 MOTOR VEHICLE IN TRANSPORT,01 FRONT TO REAR,13 STOPPED IN TRAFFIC,OTHER CONTRIBUTING ACTION,OPERATED MV IN CARLESS OR NEGL,00 NOT CODED,00 NOT CODED,00 NOT CODED,00 NOT CODED,01 NO,1,0,0,0,2,0,2,5,N,N,N,N,N,N,N,N,N,N,Y,N,N,N,N,N,N,N,N,N,N,N,N,N,N,N,26.708675355,-80.137096334,585834.610457,2954459.546033,O,,ARBM15Q1R2,"February 27, 2022",1591179,-8920821.056894127,3087122.1078857463
2016852168390,2016,852168390,FHPL16OFF001780,FLORIDA HIGHWAY PATROL,04 FOURTH,PALM BEACH,"January 8, 2016",0632,SATURDAY,9394 WEST PALM BEACH,0694,N,I 95,BLUE HERON BLVD,0.038,S,26.77623,-80.0977199,26.7825899,-80.0989779,93220000,32.936,02376,SR 9,I 95,R RIGHT,3 THRU LANE 3,N NORTH,01 INTERSTATE URBAN,01 INTERSTATE,01 NON-JUNCTION,01 ON ROADWAY,01 NOT AT INTERSECTION,01 PAVED,34,"June 2, 2015",11 URBAN PRIN ART INT.,64,PAVED WARN,11,,0,,0,32,213000,RCI,7.3,,65,2 POSSIBLE INJURY,31 Q/C COMPLETED - LOC VERIFIED,0 NO,01 NOT AT INTERSECTION/RRX/BRIDGE,03 DAWN,01 CLEAR,01 DRY,01 LEVEL,1 STRAIGHT,"TWO-WAY, DIVIDED, POSITIVE MED","TWO-WAY, DIVIDED, POSITIVE MED",NO CONTROLS,NO CONTROLS,10,NONE,NOT CODED,NOT CODED,NONE,NOT CODED,NOT CODED,14 MOTOR VEHICLE IN TRANSPORT,01 FRONT TO REAR,01 STRAIGHT AHEAD,OPERATED MV IN CARLESS OR NEGL,NO CONTRIBUTING ACTION,00 NOT CODED,00 NOT CODED,00 NOT CODED,00 NOT CODED,01 NO,3,0,0,0,2,0,2,3,N,N,N,N,N,N,N,N,N,N,N,N,N,N,N,N,N,N,N,N,N,N,N,N,N,N,26.782455304,-80.098996744,589566.791796,2962657.888377,R,,ARBM15Q1R2,"February 27, 2022",1591236,-8916579.82900064,3096319.2221012744
2016852168420,2016,852168420,FHPL16OFF002075,FLORIDA HIGHWAY PATROL,04 FOURTH,PALM BEACH,"January 9, 2016",1304,SUNDAY,9394 WEST PALM BEACH,0694,N,I 95,NORTHLAKE BLVD,0.047,N,26.80865,-80.09753,26.809649,-80.0988845,93220081,0.118,00423,SR 9,I 95,L LEFT,X RAMP,S SOUTH,07 RAMP URBAN,01 INTERSTATE,14 ENTRANCE/EXIT RAMP,01 ON ROADWAY,01 NOT AT INTERSECTION,01 PAVED,0,"December 31, 2000",,47,PAVED,10,LAWN,12,,0,,13000,RCI,4.8,,,2 POSSIBLE INJURY,31 Q/C COMPLETED - LOC VERIFIED,0 NO,08 EXIT RAMP,01 DAYLIGHT,01 CLEAR,01 DRY,01 LEVEL,1 STRAIGHT,"TWO-WAY, DIVIDED, POSITIVE MED","TWO-WAY, DIVIDED, POSITIVE MED",NO CONTROLS,NO CONTROLS,4,NONE,NOT CODED,NOT CODED,NONE,NOT CODED,NOT CODED,14 MOTOR VEHICLE IN TRANSPORT,01 FRONT TO REAR,01 STRAIGHT AHEAD,OPERATED MV IN CARLESS OR NEGL,NO CONTRIBUTING ACTION,00 NOT CODED,00 NOT CODED,00 NOT CODED,00 NOT CODED,01 NO,3,0,0,0,2,0,2,3,N,N,N,N,N,N,N,N,N,N,N,N,N,N,N,N,N,N,N,N,N,N,N,N,N,N,26.80964493,-80.098879728,589557.069725,2965669.607724,O,,ARBM15Q1R2,"February 27, 2022",1591243,-8916566.802970175,3099710.0790802413
2016852168450,2016,852168450,FHPL16OFF003125,FLORIDA HIGHWAY PATROL,04 FOURTH,PALM BEACH,"January 14, 2016",0659,FRIDAY,9394 WEST PALM BEACH,0694,N,I 95,BLUE HERON BLVD,0,,26.78331,-80.0978999,26.7836642,-80.0989402,93220000,33.01,01213,SR 9,I 95,L LEFT,5 THRU LANE 5,S SOUTH,01 INTERSTATE URBAN,01 INTERSTATE,01 NON-JUNCTION,01 ON ROADWAY,01 NOT AT INTERSECTION,01 PAVED,34,"June 2, 2015",11 URBAN PRIN ART INT.,64,PAVED WARN,11,,0,,0,32,213000,RCI,7.3,,65,1 NO INJURY,31 Q/C COMPLETED - LOC VERIFIED,0 NO,06 BRIDGE,03 DAWN,02 CLOUDY,02 WET,01 LEVEL,1 STRAIGHT,"TWO-WAY, DIVIDED, POSITIVE MED","TWO-WAY, DIVIDED, POSITIVE MED",NO CONTROLS,NO CONTROLS,10,NONE,NOT CODED,NOT CODED,NONE,NOT CODED,NOT CODED,14 MOTOR VEHICLE IN TRANSPORT,"04 SIDESWIPE, SAME DIRECTION",06 CHANGING LANES,NOT CODED,NO CONTRIBUTING ACTION,00 NOT CODED,00 NOT CODED,00 NOT CODED,00 NOT CODED,01 NO,0,0,0,0,1,0,2,1,N,N,N,N,Y,N,N,N,N,N,N,N,N,N,N,N,N,N,N,N,N,N,N,N,N,N,26.783484518,-80.099252892,589540.51978,2962771.707881,L,,ARBM15Q1R2,"February 27, 2022",1591246,-8916608.343246736,3096447.5621470516
2016851979620,2016,851979620,FHPL16OFF005837,FLORIDA HIGHWAY PATROL,04 FOURTH,PALM BEACH,"January 25, 2016",0730,TUESDAY,9394 WEST PALM BEACH,0694,N,I 95,45TH ST,0.009,N,26.7596998,-80.09532,26.7594053,-80.0924822,93220073,0.198,04381,SR 9,I 95,L LEFT,X RAMP,0,07 RAMP URBAN,01 INTERSTATE,14 ENTRANCE/EXIT RAMP,01 ON ROADWAY,01 NOT AT INTERSECTION,01 PAVED,0,"December 31, 2000",,24,PAVED,5,CURB&GUTTER,2,,0,,14000,RCI,2.8,,,2 POSSIBLE INJURY,31 Q/C COMPLETED - LOC VERIFIED,0 NO,08 EXIT RAMP,01 DAYLIGHT,01 CLEAR,01 DRY,01 LEVEL,1 STRAIGHT,ONE-WAY TRAFFICWAY,ONE-WAY TRAFFICWAY,TRAFFIC CONTROL SIGNAL,TRAFFIC CONTROL SIGNAL,2,NONE,NOT CODED,NOT CODED,NONE,NOT CODED,NOT CODED,14 MOTOR VEHICLE IN TRANSPORT,01 FRONT TO REAR,00 NOT CODED,NOT CODED,NO CONTRIBUTING ACTION,00 NOT CODED,00 NOT CODED,00 NOT CODED,00 NOT CODED,01 NO,1,0,0,0,1,0,2,1,N,N,N,N,N,N,N,N,N,N,N,N,N,N,N,N,N,N,N,N,N,N,N,N,N,N,26.759410041,-80.092489457,590231.911857,2960109.905596,O,,ARBM15Q1R2,"February 27, 2022",1591466,-8915855.440787138,3093445.8504766547