Crash Id,Calendar Year,FDOT Crash Number,Reporting Agency Case Number,Reporting Agency Type,FDOT Managing District,County Name,Crash Date,Crash Time,Day,DHSMV City,Crash Report City Code,In Town,On Roadway Name,Int Roadway Name,Reference Distance (Miles),Reference Direction,Officer Latitude,Officer Longitude,FDOT Latitude,FDOT Longitude,FDOT Roadway,Nearest Inventory MP,Nearest Node From Crash,State Road #,US Highway,Crash Side of Road,Accident Lane Number,Travel Direction Vehicle 1,FDOT Road Category,DHSMV Road System Id,Relation to Junction,Crash Harmful Event Location,Intersection Type,Shoulder Type,FDOT Roadway SKID Test Result,FDOT Roadway SKID Test Date,Functional Class,RCI Surface Width,RCI Shoulder Type First,RCI Shoulder Width First,RCI Shoulder Type Second,RCI Shoulder Width Second,RCI Shoulder Type Third,RCI Shoulder Width Third,RCI Median Width,Avg Daily Traffic,AADT Source,RCI Avg Per Truck Traffic,RCI Horiz Curve Condition,Posted Speed Limit,Highest Injury in Crash,CAR Status Code,Alcohols/Drug Involved,Site Location,Lighting,Weather,Road Surface,Roadway Grade,Roadway Alignment,Traffic Way Vehicle 1,Traffic Way Vehicle 2,Traffic Control Vehicle 1,Traffic Control Vehicle 2,Count of Lanes,Road Condition 1,Road Condition 2,Road Condition 3,Environment Condition 1,Environment Condition 2,Environment Condition 3,Crash Harmful Event,Manner of Collision,Vehicle Movement,Driver Action Vehicle 1,Driver Action Vehicle 2,Location Within Workzone,Type of Workzone,Workers Present in Workzone,Law Enforcement Present in Workzone,School Bus Related,Count of Nonfatal Injuries,Count of Traffic Fatalities,Count of Serious Injuries,Count of Pedestrians,Count of Drivers,Count of Bicyclists,Count of Vehicles,Count of Persons,Wrong Way,Workzone Inv,Commercial Vehicle Inv,Intersection Inv,Lane Departure,Speeding,Agressive Driving,Impaired Driver,Impaired Pedestrian,Impaired Bicyclist,Distracted Driver,Speeding or Aggressive Driving,Pedestrian Related,Bicyclist Related,Pedestrian or Bicyclist Related,Motorcycle Inv,No Belt,No Belt - Ages 1-4,No Belt - Ages 5-12,No Belt - Ages 13-17,Driver - Ages Teen,Driver - Ages 65 plus,Driver - Ages 65-69,Driver - Ages 70-74,Driver - Ages 75-79,Driver - Ages 80 plus,ARBM Latitude,ARBM Longitude,UTM Zone 17N X,UTM Zone 17N Y,ARBM Side of Road,Urban Rural Indicator,GIS Street Source,Extract Date,OBJECTID,x,y
2016852390570,2016,852390570,FHPL16OFF029220,FLORIDA HIGHWAY PATROL,04 FOURTH,PALM BEACH,"April 26, 2016",1705,WEDNESDAY,9394 WEST PALM BEACH,0694,N,SR 9,OKEECHOBEE BLVD,0.095,N,26.70595,-80.07438,26.7070277,-80.0762326,93220000,27.273,01180,SR 9,I 95,L LEFT,2 THRU LANE 2,S SOUTH,01 INTERSTATE URBAN,03 STATE,01 NON-JUNCTION,01 ON ROADWAY,01 NOT AT INTERSECTION,01 PAVED,35,"June 2, 2015",11 URBAN PRIN ART INT.,78,PAVED,8,VALLEY GUTR,3,,0,32,206101,RCI,6.4,,65,1 NO INJURY,31 Q/C COMPLETED - LOC VERIFIED,0 NO,01 NOT AT INTERSECTION/RRX/BRIDGE,01 DAYLIGHT,01 CLEAR,01 DRY,01 LEVEL,1 STRAIGHT,"TWO-WAY, DIVIDED, POSITIVE MED","TWO-WAY, DIVIDED, POSITIVE MED",NO CONTROLS,NO CONTROLS,10,NONE,NOT CODED,NOT CODED,NONE,NOT CODED,NOT CODED,14 MOTOR VEHICLE IN TRANSPORT,01 FRONT TO REAR,01 STRAIGHT AHEAD,OPERATED MV IN CARLESS OR NEGL,NO CONTRIBUTING ACTION,00 NOT CODED,00 NOT CODED,00 NOT CODED,00 NOT CODED,01 NO,0,0,0,0,2,0,2,6,N,N,N,N,N,N,N,N,N,N,Y,N,N,N,N,N,N,N,N,N,N,N,N,N,N,N,26.706849463,-80.076426815,591871.287577,2954299.596274,L,,ARBM15Q1R2,"February 27, 2022",1710435,-8914067.354948364,3086894.5752967917
2016852390580,2016,852390580,FHPL16OFF029277,FLORIDA HIGHWAY PATROL,04 FOURTH,PALM BEACH,"April 26, 2016",2040,WEDNESDAY,9394 WEST PALM BEACH,0694,N,SR 9,OKEECHOBEE BLVD,0.001,S,26.70595,-80.07438,26.7056783,-80.0727316,93220061,0.175,01757,SR 9,I 95,R RIGHT,X RAMP,N NORTH,07 RAMP URBAN,03 STATE,14 ENTRANCE/EXIT RAMP,01 ON ROADWAY,01 NOT AT INTERSECTION,01 PAVED,0,"December 31, 2000",,12,CURB&GUTTER,6,CURB&GUTTER,2,,0,,12500,RCI,2.8,,,1 NO INJURY,31 Q/C COMPLETED - LOC VERIFIED,0 NO,08 EXIT RAMP,04 DARK-LIGHTED,01 CLEAR,01 DRY,01 LEVEL,2 CURVE RIGHT,ONE-WAY TRAFFICWAY,ONE-WAY TRAFFICWAY,YIELD SIGN,YIELD SIGN,1,NONE,NOT CODED,NOT CODED,NONE,NOT CODED,NOT CODED,14 MOTOR VEHICLE IN TRANSPORT,01 FRONT TO REAR,01 STRAIGHT AHEAD,NOT CODED,NO CONTRIBUTING ACTION,00 NOT CODED,00 NOT CODED,00 NOT CODED,00 NOT CODED,01 NO,0,0,0,0,1,0,2,1,N,N,N,N,N,N,N,N,N,N,N,N,N,N,N,N,N,N,N,N,N,N,N,N,N,N,26.705688382,-80.072737411,592239.241036,2954173.655504,O,,ARBM15Q1R2,"February 27, 2022",1710436,-8913656.65237026,3086749.8895395724
2016852191930,2016,852191930,FHPL16OFF006242,FLORIDA HIGHWAY PATROL,04 FOURTH,PALM BEACH,"January 26, 2016",1245,WEDNESDAY,9394 WEST PALM BEACH,0694,Y,I 95,BELVEDERE RD,0.53,N,26.69076,-80.0669999,26.6971356,-80.0698738,93220000,26.506,04933,SR 9,I 95,L LEFT,3 THRU LANE 3,0,01 INTERSTATE URBAN,01 INTERSTATE,01 NON-JUNCTION,01 ON ROADWAY,01 NOT AT INTERSECTION,01 PAVED,35,"June 2, 2015",11 URBAN PRIN ART INT.,64,PAVED WARN,13,,0,,0,32,229000,RCI,6,,65,1 NO INJURY,31 Q/C COMPLETED - LOC VERIFIED,0 NO,01 NOT AT INTERSECTION/RRX/BRIDGE,01 DAYLIGHT,03 RAIN,02 WET,01 LEVEL,1 STRAIGHT,"TWO-WAY, DIVIDED, POSITIVE MED","TWO-WAY, DIVIDED, POSITIVE MED",NO CONTROLS,NO CONTROLS,10,"RD SURFC (WET, ICY, SNOW, ETC)",NOT CODED,NOT CODED,WEATHER CONDITIONS,NOT CODED,NOT CODED,14 MOTOR VEHICLE IN TRANSPORT,"04 SIDESWIPE, SAME DIRECTION",00 NOT CODED,NOT CODED,NO CONTRIBUTING ACTION,00 NOT CODED,00 NOT CODED,00 NOT CODED,00 NOT CODED,01 NO,0,0,0,0,1,0,2,1,N,N,N,N,Y,N,N,N,N,N,N,N,N,N,N,N,N,N,N,N,N,N,N,N,N,N,26.697191962,-80.070256776,592492.877222,2953234.361549,L,,ARBM15Q1R2,"February 27, 2022",1710999,-8913380.50921711,3085691.1703612073
2016852389100,2016,852389100,FHPL16OFF004140,FLORIDA HIGHWAY PATROL,04 FOURTH,PALM BEACH,"January 18, 2016",0815,TUESDAY,9394 WEST PALM BEACH,0694,Y,I 95,SR 882,0.4,N,26.661581,-80.070755,26.6614463,-80.0705852,93220000,23.94,02262,SR 9,I 95,R RIGHT,2 THRU LANE 2,N NORTH,01 INTERSTATE URBAN,01 INTERSTATE,18 THROUGH ROADWAY,01 ON ROADWAY,01 NOT AT INTERSECTION,01 PAVED,35,"June 2, 2015",11 URBAN PRIN ART INT.,64,PAVED WARN,8,VALLEY GUTR,3,,0,32,230000,RCI,5.7,0D3000,65,1 NO INJURY,31 Q/C COMPLETED - LOC VERIFIED,0 NO,01 NOT AT INTERSECTION/RRX/BRIDGE,01 DAYLIGHT,01 CLEAR,01 DRY,03 UPHILL,2 CURVE RIGHT,"TWO-WAY, DIVIDED, POSITIVE MED","TWO-WAY, DIVIDED, POSITIVE MED",NO CONTROLS,NO CONTROLS,10,NONE,NOT CODED,NOT CODED,NONE,NOT CODED,NOT CODED,14 MOTOR VEHICLE IN TRANSPORT,01 FRONT TO REAR,06 CHANGING LANES,FAILED TO KEEP IN PROPER LANE,NO CONTRIBUTING ACTION,00 NOT CODED,00 NOT CODED,00 NOT CODED,00 NOT CODED,01 NO,0,0,0,0,2,0,2,2,N,N,N,N,Y,N,N,N,N,N,N,N,N,N,N,N,N,N,N,N,N,N,N,N,N,N,26.661202199,-80.070573606,592490.393255,2949247.800001,R,,ARBM15Q1R2,"February 27, 2022",1711414,-8913415.778340355,3081207.444791512
2016852297940,2016,852297940,FHPL16OFF019064,FLORIDA HIGHWAY PATROL,04 FOURTH,PALM BEACH,"March 18, 2016",0955,SATURDAY,9394 WEST PALM BEACH,0694,N,I 95,SR 704,0.5,N,26.7135999,-80.0831748,26.7121876,-80.0809208,93220000,27.733,01183,SR 9,I 95,M MEDIAN,M MIDDLE,S SOUTH,01 INTERSTATE URBAN,01 INTERSTATE,01 NON-JUNCTION,01 ON ROADWAY,01 NOT AT INTERSECTION,01 PAVED,35,"June 2, 2015",11 URBAN PRIN ART INT.,78,PAVED WARN,11,,0,,0,32,206101,RCI,6.4,0D5000,65,2 POSSIBLE INJURY,31 Q/C COMPLETED - LOC VERIFIED,0 NO,01 NOT AT INTERSECTION/RRX/BRIDGE,01 DAYLIGHT,02 CLOUDY,01 DRY,01 LEVEL,1 STRAIGHT,"TWO-WAY, DIVIDED, POSITIVE MED",,NO CONTROLS,NOT CODED,11,NONE,NOT CODED,NOT CODED,NONE,NOT CODED,NOT CODED,30 CONCRETE TRAFFIC BARRIER,77 OTHER (SEE NARRATIVE),06 CHANGING LANES,NO CONTRIBUTING ACTION,NOT CODED,00 NOT CODED,00 NOT CODED,00 NOT CODED,00 NOT CODED,01 NO,1,0,0,0,1,0,1,1,N,N,N,N,Y,N,N,N,N,N,N,N,N,N,N,N,N,N,N,N,N,N,N,N,N,N,26.712078294,-80.080780365,591434.024563,2954875.62801,R,,ARBM15Q1R2,"February 27, 2022",1711458,-8914551.990091199,3087546.1736473413
2016852297960,2016,852297960,FHPL16OFF019349,FLORIDA HIGHWAY PATROL,04 FOURTH,PALM BEACH,"March 19, 2016",0805,SUNDAY,9394 WEST PALM BEACH,0694,N,I 95,OKEECHOBEE BLVD,0.5,S,26.6904816,-80.0667299,26.6969176,-80.0697479,93220000,26.491,04933,SR 9,I 95,R RIGHT,1 THRU LANE 1,N NORTH,01 INTERSTATE URBAN,01 INTERSTATE,01 NON-JUNCTION,01 ON ROADWAY,01 NOT AT INTERSECTION,01 PAVED,35,"June 2, 2015",11 URBAN PRIN ART INT.,64,PAVED WARN,13,,0,,0,32,229000,RCI,6,,65,4 INCAPACITATING INJURY,31 Q/C COMPLETED - LOC VERIFIED,0 NO,01 NOT AT INTERSECTION/RRX/BRIDGE,01 DAYLIGHT,02 CLOUDY,02 WET,01 LEVEL,3 CURVE LEFT,"TWO-WAY, DIVIDED, POSITIVE MED","TWO-WAY, DIVIDED, POSITIVE MED",NO CONTROLS,NO CONTROLS,10,NONE,NOT CODED,NOT CODED,NONE,NOT CODED,NOT CODED,14 MOTOR VEHICLE IN TRANSPORT,03 ANGLE,15 NEGOTIATING A CURVE,OPERATED MV IN CARLESS OR NEGL,NO CONTRIBUTING ACTION,00 NOT CODED,00 NOT CODED,00 NOT CODED,00 NOT CODED,01 NO,3,0,1,0,3,0,3,4,N,N,Y,N,Y,N,N,N,N,N,N,N,N,N,N,N,Y,N,N,N,N,N,N,N,N,N,26.697068086,-80.069772198,592541.186754,2953220.992282,R,,ARBM15Q1R2,"February 27, 2022",1711460,-8913326.566121101,3085675.7351747476
2016852192160,2016,852192160,FHPL16OFF015121,FLORIDA HIGHWAY PATROL,04 FOURTH,PALM BEACH,"March 2, 2016",1745,THURSDAY,9394 WEST PALM BEACH,0694,Y,I 95,OKEECHOBEE BLVD,1,N,26.7189599,-80.08946,26.7167387,-80.0872233,93220000,28.233,01185,SR 9,I 95,M MEDIAN,M MIDDLE,S SOUTH,01 INTERSTATE URBAN,01 INTERSTATE,01 NON-JUNCTION,04 MEDIAN,01 NOT AT INTERSECTION,01 PAVED,35,"June 2, 2015",11 URBAN PRIN ART INT.,64,PAVED WARN,9,,0,,0,32,213000,RCI,7.3,,65,1 NO INJURY,31 Q/C COMPLETED - LOC VERIFIED,0 NO,01 NOT AT INTERSECTION/RRX/BRIDGE,01 DAYLIGHT,02 CLOUDY,01 DRY,01 LEVEL,1 STRAIGHT,"TWO-WAY, DIVIDED, POSITIVE MED",,NO CONTROLS,NOT CODED,10,NONE,NOT CODED,NOT CODED,NONE,NOT CODED,NOT CODED,"39 OTHER FIXED OBJECT (WALL, BUIL",77 OTHER (SEE NARRATIVE),01 STRAIGHT AHEAD,SWERVED OR AVOIDED:  DUE TO WI,NOT CODED,00 NOT CODED,00 NOT CODED,00 NOT CODED,00 NOT CODED,01 NO,0,0,0,0,1,0,1,1,N,N,N,N,Y,N,N,N,N,N,N,N,N,N,N,N,N,N,N,N,N,N,N,N,N,N,26.716622301,-80.087098926,590801.88511,2955374.419028,R,,ARBM15Q1R2,"February 27, 2022",1711554,-8915255.369373068,3088112.4559581294
2016852393890,2016,852393890,FHPL16OFF009009,FLORIDA HIGHWAY PATROL,04 FOURTH,PALM BEACH,"February 6, 2016",0900,SUNDAY,9394 WEST PALM BEACH,0694,N,I 95,BELVEDERE RD,0.379,S,26.689695,-80.0667399,26.6853527,-80.0681018,93220158,0.362,02455,SR 9,I 95,R RIGHT,X RAMP,N NORTH,07 RAMP URBAN,01 INTERSTATE,01 NON-JUNCTION,01 ON ROADWAY,01 NOT AT INTERSECTION,01 PAVED,0,"December 31, 2000",,24,PAVED,3,LAWN,2,,0,,9600,RCI,2.8,,,4 INCAPACITATING INJURY,31 Q/C COMPLETED - LOC VERIFIED,0 NO,08 EXIT RAMP,01 DAYLIGHT,02 CLOUDY,02 WET,01 LEVEL,3 CURVE LEFT,"TWO-WAY, DIVIDED, POSITIVE MED",,NO CONTROLS,NOT CODED,2,"RD SURFC (WET, ICY, SNOW, ETC)",NOT CODED,NOT CODED,NONE,NOT CODED,NOT CODED,30 CONCRETE TRAFFIC BARRIER,77 OTHER (SEE NARRATIVE),01 STRAIGHT AHEAD,OVER-CORRECTING/OVERSTEERING,NOT CODED,00 NOT CODED,00 NOT CODED,00 NOT CODED,00 NOT CODED,01 NO,1,0,1,0,1,0,1,1,N,N,N,N,Y,N,N,N,N,N,N,N,N,N,N,N,N,N,N,N,N,N,N,N,N,N,26.685359024,-80.068115553,592715.478131,2951925.262862,O,,ARBM15Q1R2,"February 27, 2022",1711902,-8913142.14925986,3084216.8271098
2016852166890,2016,852166890,FHPL16OFF004785,FLORIDA HIGHWAY PATROL,04 FOURTH,PALM BEACH,"January 20, 2016",2341,THURSDAY,9394 WEST PALM BEACH,0694,N,I 95,SOUTHERN BLVD,0.189,S,26.67632,-80.06955,26.6813097,-80.0692747,93220156,0.352,04913,SR 9,I 95,R RIGHT,X RAMP,N NORTH,07 RAMP URBAN,01 INTERSTATE,14 ENTRANCE/EXIT RAMP,01 ON ROADWAY,01 NOT AT INTERSECTION,01 PAVED,0,"December 31, 2000",,24,CURB&GUTTER,6,LAWN,8,,0,,17500,RCI,6.9,,,1 NO INJURY,31 Q/C COMPLETED - LOC VERIFIED,0 NO,07 ENTRANCE RAMP,04 DARK-LIGHTED,01 CLEAR,01 DRY,01 LEVEL,2 CURVE RIGHT,"TWO-WAY, NOT DIVIDED",,NO CONTROLS,NOT CODED,2,NONE,NOT CODED,NOT CODED,NONE,NOT CODED,NOT CODED,33 UTILITY POLE/LIGHT SUPPORT,77 OTHER (SEE NARRATIVE),05 TURNING RIGHT,OPERATED MV IN CARLESS OR NEGL,NOT CODED,00 NOT CODED,00 NOT CODED,00 NOT CODED,00 NOT CODED,01 NO,0,0,0,0,1,0,1,1,N,N,N,N,Y,N,N,N,N,N,N,N,N,N,N,N,N,N,N,N,N,N,N,N,N,N,26.681318251,-80.06927559,592603.322196,2951476.852071,O,,ARBM15Q1R2,"February 27, 2022",1711930,-8913271.283995906,3083713.395796067
2016852168610,2016,852168610,FHPL16OFF013814,FLORIDA HIGHWAY PATROL,04 FOURTH,PALM BEACH,"February 26, 2016",0916,SATURDAY,9394 WEST PALM BEACH,0694,N,I 95,BELVEDERE RD,0.002,S,26.69076,-80.0669999,26.6904388,-80.0659721,93220158,0.739,04924,SR 9,I 95,R RIGHT,X RAMP,N NORTH,07 RAMP URBAN,01 INTERSTATE,14 ENTRANCE/EXIT RAMP,01 ON ROADWAY,01 NOT AT INTERSECTION,01 PAVED,0,"December 31, 2000",,24,PAVED,3,LAWN,2,,0,,9600,RCI,2.8,,,1 NO INJURY,31 Q/C COMPLETED - LOC VERIFIED,0 NO,08 EXIT RAMP,01 DAYLIGHT,01 CLEAR,01 DRY,01 LEVEL,2 CURVE RIGHT,"TWO-WAY, DIVIDED, POSITIVE MED","TWO-WAY, DIVIDED, POSITIVE MED",YIELD SIGN,YIELD SIGN,2,NONE,NOT CODED,NOT CODED,NONE,NOT CODED,NOT CODED,14 MOTOR VEHICLE IN TRANSPORT,01 FRONT TO REAR,01 STRAIGHT AHEAD,OPERATED MV IN CARLESS OR NEGL,NO CONTRIBUTING ACTION,00 NOT CODED,00 NOT CODED,00 NOT CODED,00 NOT CODED,01 NO,0,0,0,0,2,0,2,3,N,N,N,N,N,N,N,N,N,N,N,N,N,N,N,N,N,N,N,N,N,N,N,N,N,N,26.690448688,-80.065982177,592923.6164,2952490.562483,O,,ARBM15Q1R2,"February 27, 2022",1712429,-8912904.662791556,3084850.96299046
2016852168360,2016,852168360,FHPL16OFF000626,FLORIDA HIGHWAY PATROL,04 FOURTH,PALM BEACH,"January 3, 2016",0646,MONDAY,9394 WEST PALM BEACH,0694,N,I 95,PALM BEACH LAKES BLVD,0.3,S,26.70595,-80.07438,26.7142138,-80.0837216,93220000,27.954,01223,SR 9,I 95,R RIGHT,3 THRU LANE 3,N NORTH,01 INTERSTATE URBAN,01 INTERSTATE,01 NON-JUNCTION,01 ON ROADWAY,01 NOT AT INTERSECTION,01 PAVED,35,"June 2, 2015",11 URBAN PRIN ART INT.,64,PAVED,11,,0,,0,32,206101,RCI,6.4,,65,2 POSSIBLE INJURY,31 Q/C COMPLETED - LOC VERIFIED,0 NO,01 NOT AT INTERSECTION/RRX/BRIDGE,02 DUSK,02 CLOUDY,02 WET,01 LEVEL,1 STRAIGHT,"TWO-WAY, DIVIDED, POSITIVE MED","TWO-WAY, DIVIDED, POSITIVE MED",NO CONTROLS,NO CONTROLS,10,NONE,NOT CODED,NOT CODED,NONE,NOT CODED,NOT CODED,14 MOTOR VEHICLE IN TRANSPORT,01 FRONT TO REAR,01 STRAIGHT AHEAD,OPERATED MV IN CARLESS OR NEGL,NOT CODED,00 NOT CODED,00 NOT CODED,00 NOT CODED,00 NOT CODED,01 NO,1,0,0,0,1,0,2,1,N,N,Y,N,N,N,N,N,N,N,N,N,N,N,N,N,N,N,N,N,N,N,N,N,N,N,26.714109509,-80.08355202,591156.698385,2955098.62646,R,,ARBM15Q1R2,"February 27, 2022",1712440,-8914860.529420517,3087799.304624412
2016852265050,2016,852265050,FHPL16OFF006691,FLORIDA HIGHWAY PATROL,04 FOURTH,PALM BEACH,"January 28, 2016",0535,FRIDAY,9394 WEST PALM BEACH,0694,Y,I 95,FOREST HILL BLVD,0.25,S,26.6448466,-80.0686366,26.6516971,-80.0686246,93220000,23.258,02260,SR 9,I 95,M MEDIAN,M MIDDLE,N NORTH,01 INTERSTATE URBAN,01 INTERSTATE,01 NON-JUNCTION,04 MEDIAN,01 NOT AT INTERSECTION,01 PAVED,35,"June 2, 2015",11 URBAN PRIN ART INT.,64,PAVED WARN,10,,0,,0,32,236000,RCI,7.3,,65,1 NO INJURY,31 Q/C COMPLETED - LOC VERIFIED,0 NO,01 NOT AT INTERSECTION/RRX/BRIDGE,04 DARK-LIGHTED,02 CLOUDY,02 WET,01 LEVEL,1 STRAIGHT,"TWO-WAY, DIVIDED, POSITIVE MED",,NO CONTROLS,NOT CODED,10,"RD SURFC (WET, ICY, SNOW, ETC)",NOT CODED,NOT CODED,NONE,NOT CODED,NOT CODED,30 CONCRETE TRAFFIC BARRIER,77 OTHER (SEE NARRATIVE),01 STRAIGHT AHEAD,DROVE TOO FAST FOR CONDITIONS,NOT CODED,00 NOT CODED,00 NOT CODED,00 NOT CODED,00 NOT CODED,01 NO,0,0,0,0,1,0,1,1,N,N,N,N,Y,Y,N,N,N,N,N,Y,N,N,N,N,N,N,N,N,N,N,N,N,N,N,26.651448996,-80.068585264,592696.149826,2948168.951639,R,,ARBM15Q1R2,"February 27, 2022",1712523,-8913194.437160915,3079992.6015832066
2016852470520,2016,852470520,FHPL16OFF006445,FLORIDA HIGHWAY PATROL,04 FOURTH,PALM BEACH,"January 27, 2016",0900,THURSDAY,9394 WEST PALM BEACH,0694,N,I 95,SR 882,0.05,S,26.6451251,-80.068325,26.6545512,-80.0692275,93220000,23.458,02217,SR 9,I 95,R RIGHT,2 THRU LANE 2,N NORTH,01 INTERSTATE URBAN,01 INTERSTATE,01 NON-JUNCTION,01 ON ROADWAY,01 NOT AT INTERSECTION,01 PAVED,35,"June 2, 2015",11 URBAN PRIN ART INT.,64,PAVED WARN,10,,0,,0,32,230000,RCI,5.7,,65,3 NO-INCAPACITATING INJURY,31 Q/C COMPLETED - LOC VERIFIED,0 NO,01 NOT AT INTERSECTION/RRX/BRIDGE,01 DAYLIGHT,03 RAIN,02 WET,01 LEVEL,1 STRAIGHT,"TWO-WAY, DIVIDED, POSITIVE MED","TWO-WAY, DIVIDED, POSITIVE MED",NO CONTROLS,NO CONTROLS,10,NONE,NOT CODED,NOT CODED,NONE,NOT CODED,NOT CODED,14 MOTOR VEHICLE IN TRANSPORT,01 FRONT TO REAR,01 STRAIGHT AHEAD,NOT CODED,NO CONTRIBUTING ACTION,00 NOT CODED,00 NOT CODED,00 NOT CODED,00 NOT CODED,01 NO,1,0,0,0,1,0,2,1,N,N,N,N,N,N,N,N,N,N,N,N,N,N,N,N,N,N,N,N,N,N,N,N,N,N,26.654306048,-80.069191555,592633.501052,2948484.96618,R,,ARBM15Q1R2,"February 27, 2022",1712718,-8913261.929080315,3080348.460733294
2016852297650,2016,852297650,FHPL16OFF003407,FLORIDA HIGHWAY PATROL,04 FOURTH,PALM BEACH,"January 14, 2016",2312,FRIDAY,9394 WEST PALM BEACH,0694,N,I 95,OKEECHOBEE BLVD,0.17,S,26.70595,-80.07438,26.7014744,-80.0723461,93220000,26.821,01228,SR 9,I 95,R RIGHT,2 THRU LANE 2,N NORTH,01 INTERSTATE URBAN,01 INTERSTATE,01 NON-JUNCTION,01 ON ROADWAY,01 NOT AT INTERSECTION,01 PAVED,35,"June 2, 2015",11 URBAN PRIN ART INT.,64,PAVED WARN,10,LAWN,0,,0,32,229000,RCI,6,,65,1 NO INJURY,31 Q/C COMPLETED - LOC VERIFIED,0 NO,01 NOT AT INTERSECTION/RRX/BRIDGE,04 DARK-LIGHTED,01 CLEAR,01 DRY,01 LEVEL,1 STRAIGHT,"TWO-WAY, DIVIDED, POSITIVE MED","TWO-WAY, DIVIDED, POSITIVE MED",NO CONTROLS,NO CONTROLS,10,NONE,NOT CODED,NOT CODED,NONE,NOT CODED,NOT CODED,14 MOTOR VEHICLE IN TRANSPORT,03 ANGLE,01 STRAIGHT AHEAD,NOT CODED,NO CONTRIBUTING ACTION,00 NOT CODED,00 NOT CODED,00 NOT CODED,00 NOT CODED,01 NO,0,0,0,0,1,0,3,2,N,N,N,N,N,N,N,N,N,N,N,N,N,N,N,N,N,N,N,N,N,N,N,N,N,N,26.701315572,-80.072256338,592290.622764,2953689.65699,R,,ARBM15Q1R2,"February 27, 2022",1713044,-8913603.099453531,3086204.994050139
2016852168570,2016,852168570,FHPL16OFF013039,FLORIDA HIGHWAY PATROL,04 FOURTH,PALM BEACH,"February 23, 2016",0837,WEDNESDAY,9394 WEST PALM BEACH,0694,N,I 95,SOUTHERN BLVD,0.3,S,26.6760699,-80.06789,26.6710076,-80.0702506,93220000,24.601,04887,SR 9,I 95,R RIGHT,1 THRU LANE 1,N NORTH,01 INTERSTATE URBAN,01 INTERSTATE,01 NON-JUNCTION,01 ON ROADWAY,01 NOT AT INTERSECTION,01 PAVED,36,"June 2, 2015",11 URBAN PRIN ART INT.,78,PAVED,9,VALLEY GUTR,3,LAWN,12,32,230000,RCI,5.7,,65,2 POSSIBLE INJURY,31 Q/C COMPLETED - LOC VERIFIED,0 NO,01 NOT AT INTERSECTION/RRX/BRIDGE,01 DAYLIGHT,01 CLEAR,01 DRY,01 LEVEL,1 STRAIGHT,"TWO-WAY, DIVIDED, POSITIVE MED","TWO-WAY, DIVIDED, POSITIVE MED",NO CONTROLS,NO CONTROLS,12,NONE,NOT CODED,NOT CODED,NONE,NOT CODED,NOT CODED,14 MOTOR VEHICLE IN TRANSPORT,01 FRONT TO REAR,01 STRAIGHT AHEAD,OPERATED MV IN CARLESS OR NEGL,NO CONTRIBUTING ACTION,00 NOT CODED,00 NOT CODED,00 NOT CODED,00 NOT CODED,01 NO,2,0,0,0,3,0,3,3,N,N,N,N,N,N,N,N,N,N,N,N,N,N,N,N,N,N,N,N,N,N,N,N,N,N,26.670772609,-80.070316629,592508.247282,2950308.031098,R,,ARBM15Q1R2,"February 27, 2022",1713050,-8913387.171826495,3082399.620617107
2016852168580,2016,852168580,FHPL16OFF013280,FLORIDA HIGHWAY PATROL,04 FOURTH,PALM BEACH,"February 24, 2016",0745,THURSDAY,9394 WEST PALM BEACH,0694,N,I 95,OKEECHOBEE BLVD,0.4,S,26.6994599,-80.0711799,26.6983737,-80.0705888,93220000,26.591,02143,SR 9,I 95,R RIGHT,2 THRU LANE 2,N NORTH,01 INTERSTATE URBAN,01 INTERSTATE,01 NON-JUNCTION,01 ON ROADWAY,01 NOT AT INTERSECTION,01 PAVED,35,"June 2, 2015",11 URBAN PRIN ART INT.,64,PAVED WARN,13,,0,,0,32,229000,RCI,6,,65,2 POSSIBLE INJURY,31 Q/C COMPLETED - LOC VERIFIED,0 NO,01 NOT AT INTERSECTION/RRX/BRIDGE,01 DAYLIGHT,01 CLEAR,01 DRY,01 LEVEL,1 STRAIGHT,"TWO-WAY, DIVIDED, POSITIVE MED","TWO-WAY, DIVIDED, POSITIVE MED",NO CONTROLS,NO CONTROLS,10,NONE,NOT CODED,NOT CODED,NONE,NOT CODED,NOT CODED,14 MOTOR VEHICLE IN TRANSPORT,"04 SIDESWIPE, SAME DIRECTION",01 STRAIGHT AHEAD,OPERATED MV IN CARLESS OR NEGL,NO CONTRIBUTING ACTION,00 NOT CODED,00 NOT CODED,00 NOT CODED,00 NOT CODED,01 NO,1,0,0,0,2,0,2,2,N,N,N,N,Y,N,N,N,N,N,N,N,N,N,N,N,N,N,N,N,N,N,N,N,N,N,26.698355609,-80.070525113,592465.241583,2953363.05623,R,,ARBM15Q1R2,"February 27, 2022",1713051,-8913410.38031859,3085836.1650737124