Crash Id,Calendar Year,FDOT Crash Number,Reporting Agency Case Number,Reporting Agency Type,FDOT Managing District,County Name,Crash Date,Crash Time,Day,DHSMV City,Crash Report City Code,In Town,On Roadway Name,Int Roadway Name,Reference Distance (Miles),Reference Direction,Officer Latitude,Officer Longitude,FDOT Latitude,FDOT Longitude,FDOT Roadway,Nearest Inventory MP,Nearest Node From Crash,State Road #,US Highway,Crash Side of Road,Accident Lane Number,Travel Direction Vehicle 1,FDOT Road Category,DHSMV Road System Id,Relation to Junction,Crash Harmful Event Location,Intersection Type,Shoulder Type,FDOT Roadway SKID Test Result,FDOT Roadway SKID Test Date,Functional Class,RCI Surface Width,RCI Shoulder Type First,RCI Shoulder Width First,RCI Shoulder Type Second,RCI Shoulder Width Second,RCI Shoulder Type Third,RCI Shoulder Width Third,RCI Median Width,Avg Daily Traffic,AADT Source,RCI Avg Per Truck Traffic,RCI Horiz Curve Condition,Posted Speed Limit,Highest Injury in Crash,CAR Status Code,Alcohols/Drug Involved,Site Location,Lighting,Weather,Road Surface,Roadway Grade,Roadway Alignment,Traffic Way Vehicle 1,Traffic Way Vehicle 2,Traffic Control Vehicle 1,Traffic Control Vehicle 2,Count of Lanes,Road Condition 1,Road Condition 2,Road Condition 3,Environment Condition 1,Environment Condition 2,Environment Condition 3,Crash Harmful Event,Manner of Collision,Vehicle Movement,Driver Action Vehicle 1,Driver Action Vehicle 2,Location Within Workzone,Type of Workzone,Workers Present in Workzone,Law Enforcement Present in Workzone,School Bus Related,Count of Nonfatal Injuries,Count of Traffic Fatalities,Count of Serious Injuries,Count of Pedestrians,Count of Drivers,Count of Bicyclists,Count of Vehicles,Count of Persons,Wrong Way,Workzone Inv,Commercial Vehicle Inv,Intersection Inv,Lane Departure,Speeding,Agressive Driving,Impaired Driver,Impaired Pedestrian,Impaired Bicyclist,Distracted Driver,Speeding or Aggressive Driving,Pedestrian Related,Bicyclist Related,Pedestrian or Bicyclist Related,Motorcycle Inv,No Belt,No Belt - Ages 1-4,No Belt - Ages 5-12,No Belt - Ages 13-17,Driver - Ages Teen,Driver - Ages 65 plus,Driver - Ages 65-69,Driver - Ages 70-74,Driver - Ages 75-79,Driver - Ages 80 plus,ARBM Latitude,ARBM Longitude,UTM Zone 17N X,UTM Zone 17N Y,ARBM Side of Road,Urban Rural Indicator,GIS Street Source,Extract Date,OBJECTID,x,y
2016866193180,2016,866193180,20160019917,COUNTY SHERIFF'S OFFICE,04 FOURTH,PALM BEACH,"November 3, 2016",1623,FRIDAY,9394 WEST PALM BEACH,0694,Y,PALM BEACH LAKES BLVD,PALM BEACH LAKES BLVD,0.095,W,0,0,26.710459,-80.097199,93014500,0.335,,,,L LEFT,3 THRU LANE 3,W WEST,,05 LOCAL,01 NON-JUNCTION,01 ON ROADWAY,01 NOT AT INTERSECTION,03 CURB,0,"December 31, 2000",,,,0,,0,,0,,,RCI,0,,,1 NO INJURY,33 Q/C VERIFIED AS OFF-SYSTEM,0 NO,01 NOT AT INTERSECTION/RRX/BRIDGE,01 DAYLIGHT,01 CLEAR,01 DRY,01 LEVEL,1 STRAIGHT,"TWO-WAY, DIVIDED, POSITIVE MED","TWO-WAY, DIVIDED, POSITIVE MED",NO CONTROLS,NO CONTROLS,,NONE,NOT CODED,NOT CODED,NONE,NOT CODED,NOT CODED,14 MOTOR VEHICLE IN TRANSPORT,01 FRONT TO REAR,01 STRAIGHT AHEAD,FOLLOWED TOO CLOSELY,NO CONTRIBUTING ACTION,00 NOT CODED,00 NOT CODED,00 NOT CODED,00 NOT CODED,01 NO,0,0,0,0,2,0,2,2,N,N,N,N,N,N,N,N,N,N,N,N,N,N,N,N,N,N,N,N,N,N,N,N,N,N,26.710458684,-80.09719856,589802.108962,2954684.561532,L,U,ARBM15Q1R2,"February 27, 2022",1844610,-8916379.65573794,3087344.3403411848
2016866193190,2016,866193190,20160019921,COUNTY SHERIFF'S OFFICE,04 FOURTH,PALM BEACH,"November 3, 2016",1656,FRIDAY,9394 WEST PALM BEACH,0694,Y,SOUTHERN BLVD,LAKE AVE,0.001,E,0,0,26.6758635,-80.0610916,93120000,20.489,00375,SR 80,US 98,R RIGHT,S SIDE OF ROAD,E EAST,21 URBAN 4-5LN 2WY DIVD PAVD,03 STATE,02 INTERSECTION,02 OFF ROADWAY,02 FOUR-WAY INTERSECTION,03 CURB,40,"June 1, 2015",14 URBAN PRIN ART OTHER,22,RAISED CURB,0,,0,,0,12,23500,RCI,4.6,,35,3 NO-INCAPACITATING INJURY,31 Q/C COMPLETED - LOC VERIFIED,0 NO,03 INFLUENCED BY INTERSECTION,01 DAYLIGHT,01 CLEAR,01 DRY,03 UPHILL,1 STRAIGHT,"TWO-WAY, NOT DIVIDED",,NO CONTROLS,NOT CODED,4,NONE,NOT CODED,NOT CODED,NONE,NOT CODED,NOT CODED,24 CURB,77 OTHER (SEE NARRATIVE),01 STRAIGHT AHEAD,OTHER CONTRIBUTING ACTION,NOT CODED,00 NOT CODED,00 NOT CODED,00 NOT CODED,00 NOT CODED,01 NO,1,0,0,0,1,0,1,1,N,N,N,Y,N,N,N,N,N,N,N,N,N,N,N,N,N,N,N,N,N,N,N,N,N,N,26.675851279,-80.061240821,593407.247106,2950877.170348,C,,ARBM15Q1R2,"February 27, 2022",1844611,-8912376.857287433,3083032.3056014017
2016866187900,2016,866187900,20160017945,COUNTY SHERIFF'S OFFICE,04 FOURTH,PALM BEACH,"October 3, 2016",1815,TUESDAY,9394 WEST PALM BEACH,0694,Y,DIXIE HWY S,NOTTINGHAM BLVD,0,,0,0,26.674363,-80.0548234,93050000,5.743,00129,SR 805,US 1,R RIGHT,2 THRU LANE 2,N NORTH,21 URBAN 4-5LN 2WY DIVD PAVD,02 U.S.,01 NON-JUNCTION,01 ON ROADWAY,02 FOUR-WAY INTERSECTION,03 CURB,34,"June 3, 2014",16 URBAN MINOR ART,24,CURB&GUTTER,2,,0,,0,12,18200,RCI,3.2,,35,1 NO INJURY,31 Q/C COMPLETED - LOC VERIFIED,0 NO,02 AT INTERSECTION,01 DAYLIGHT,01 CLEAR,01 DRY,01 LEVEL,1 STRAIGHT,"TWO-WAY, DIVIDED, UNPROTECTED","TWO-WAY, NOT DIVIDED",TRAFFIC CONTROL SIGNAL,TRAFFIC CONTROL SIGNAL,4,NONE,NOT CODED,NOT CODED,NONE,NOT CODED,NOT CODED,14 MOTOR VEHICLE IN TRANSPORT,03 ANGLE,01 STRAIGHT AHEAD,RAN RED LIGHT,NO CONTRIBUTING ACTION,00 NOT CODED,00 NOT CODED,00 NOT CODED,00 NOT CODED,01 NO,0,0,0,0,2,0,2,2,N,N,N,Y,N,N,N,N,N,N,N,N,N,N,N,N,N,N,N,N,Y,N,N,N,N,N,26.674341622,-80.05482272,594047.126181,2950714.670077,C,,ARBM15Q1R2,"February 27, 2022",1844612,-8911662.397301292,3082844.2343345047
2016866190500,2016,866190500,20160018983,COUNTY SHERIFF'S OFFICE,04 FOURTH,PALM BEACH,"October 20, 2016",1622,FRIDAY,9394 WEST PALM BEACH,0694,Y,BELVEDERE RD,MERCER AVE,0,E,0,0,26.690859,-80.071385,93503500,2.607,,,,I INTERSECTION,M MIDDLE,W WEST,,04 COUNTY,02 INTERSECTION,01 ON ROADWAY,03 T-INTERSECTION,03 CURB,0,"December 31, 2000",,,,0,,0,,0,,,RCI,0,,,1 NO INJURY,33 Q/C VERIFIED AS OFF-SYSTEM,0 NO,02 AT INTERSECTION,01 DAYLIGHT,01 CLEAR,01 DRY,01 LEVEL,1 STRAIGHT,"TWO-WAY, DIVIDED, POSITIVE MED","TWO-WAY, NOT DIVIDED",TRAFFIC CONTROL SIGNAL,TRAFFIC CONTROL SIGNAL,,NONE,NOT CODED,NOT CODED,NONE,NOT CODED,NOT CODED,14 MOTOR VEHICLE IN TRANSPORT,77 OTHER (SEE NARRATIVE),01 STRAIGHT AHEAD,RAN RED LIGHT,NO CONTRIBUTING ACTION,00 NOT CODED,00 NOT CODED,00 NOT CODED,00 NOT CODED,01 NO,0,0,0,0,2,0,2,2,N,N,N,Y,N,N,N,N,N,N,Y,N,N,N,N,N,N,N,N,N,N,N,N,N,N,N,26.690855004,-80.071385171,592385.727015,2952531.642217,L,U,ARBM15Q1R2,"February 27, 2022",1844613,-8913506.121529171,3084901.5882721995
2016866176710,2016,866176710,20160014054,COUNTY SHERIFF'S OFFICE,04 FOURTH,PALM BEACH,"August 4, 2016",1518,FRIDAY,9394 WEST PALM BEACH,0694,Y,45TH ST,PINEWOOD AVE,0.019,E,0,0,26.753003,-80.059401,93510000,3.225,,,,R RIGHT,1 THRU LANE 1,0,,03 STATE,01 NON-JUNCTION,01 ON ROADWAY,01 NOT AT INTERSECTION,03 CURB,0,"December 31, 2000",,,,0,,0,,0,,,RCI,0,,,1 NO INJURY,33 Q/C VERIFIED AS OFF-SYSTEM,0 NO,01 NOT AT INTERSECTION/RRX/BRIDGE,01 DAYLIGHT,01 CLEAR,01 DRY,00 NOT CODED,0 NOT CODED,NOT CODED,"TWO-WAY, NOT DIVIDED",NOT CODED,NO CONTROLS,,NONE,NONE,NONE,NONE,NONE,NONE,14 MOTOR VEHICLE IN TRANSPORT,"05 SIDESWIPE, OPPOSITE DIRECTION",00 NOT CODED,NOT CODED,NO CONTRIBUTING ACTION,00 NOT CODED,00 NOT CODED,00 NOT CODED,00 NOT CODED,01 NO,0,0,0,0,1,0,2,1,N,N,N,N,Y,N,N,N,N,N,N,N,N,N,N,N,N,N,N,N,N,N,N,N,N,N,26.753001863,-80.059401061,593527.243456,2959424.001101,C,U,ARBM15Q1R2,"February 27, 2022",1844637,-8912172.056248883,3092646.9579937086
2016866176740,2016,866176740,20160014058,COUNTY SHERIFF'S OFFICE,04 FOURTH,PALM BEACH,"August 4, 2016",1625,FRIDAY,9394 WEST PALM BEACH,0694,Y,45TH ST,VILLAGE BLVD,0.057,W,0,0,26.759371,-80.101265,93510000,0.45,,,,R RIGHT,L LEFT TURN,0,,04 COUNTY,01 NON-JUNCTION,01 ON ROADWAY,01 NOT AT INTERSECTION,03 CURB,0,"December 31, 2000",,,,0,,0,,0,,,RCI,0,,,1 NO INJURY,33 Q/C VERIFIED AS OFF-SYSTEM,0 NO,01 NOT AT INTERSECTION/RRX/BRIDGE,01 DAYLIGHT,02 CLOUDY,01 DRY,00 NOT CODED,0 NOT CODED,NOT CODED,NOT CODED,NOT CODED,NOT CODED,,NONE,NOT CODED,NOT CODED,NONE,NOT CODED,NOT CODED,14 MOTOR VEHICLE IN TRANSPORT,03 ANGLE,00 NOT CODED,NOT CODED,NOT CODED,00 NOT CODED,00 NOT CODED,00 NOT CODED,00 NOT CODED,01 NO,0,0,0,0,1,0,3,2,N,N,N,N,N,N,N,N,N,N,N,N,N,N,N,N,N,N,N,N,N,N,N,N,N,N,26.759369055,-80.101265075,589359.359136,2960099.172587,R,U,ARBM15Q1R2,"February 27, 2022",1844638,-8916832.338516323,3093440.740664648
2016866176750,2016,866176750,20160014059,COUNTY SHERIFF'S OFFICE,04 FOURTH,PALM BEACH,"August 4, 2016",1652,FRIDAY,9394 WEST PALM BEACH,0694,Y,SR 704,JOG RD,0.142,W,0,0,26.7080155,-80.1539615,93280000,2.892,04793,SR 704,,R RIGHT,4 THRU LANE 4,0,33 SUBURBAN 6+LN 2WY DIVD RASD,03 STATE,01 NON-JUNCTION,01 ON ROADWAY,01 NOT AT INTERSECTION,03 CURB,41,"June 2, 2014",14 URBAN PRIN ART OTHER,48,PAVED,4,LAWN,12,,0,36,61000,RCI,1.7,,50,1 NO INJURY,31 Q/C COMPLETED - LOC VERIFIED,0 NO,01 NOT AT INTERSECTION/RRX/BRIDGE,01 DAYLIGHT,01 CLEAR,01 DRY,00 NOT CODED,0 NOT CODED,NOT CODED,"TWO-WAY, DIVIDED, POSITIVE MED",NOT CODED,NO CONTROLS,8,NONE,NOT CODED,NOT CODED,NONE,NOT CODED,NOT CODED,14 MOTOR VEHICLE IN TRANSPORT,03 ANGLE,00 NOT CODED,NOT CODED,NO CONTRIBUTING ACTION,00 NOT CODED,00 NOT CODED,00 NOT CODED,00 NOT CODED,01 NO,0,0,0,0,1,0,2,1,N,N,N,N,N,N,N,N,N,N,N,N,N,N,N,N,N,N,N,N,N,N,N,N,N,N,26.707983523,-80.15413106,584140.568832,2954371.559363,R,,ARBM15Q1R2,"February 27, 2022",1844639,-8922717.354593765,3087035.8951253146
2016866179620,2016,866179620,20160015041,COUNTY SHERIFF'S OFFICE,04 FOURTH,PALM BEACH,"August 19, 2016",2340,SATURDAY,9394 WEST PALM BEACH,0694,Y,BELVEDERE RD,S AUSTRALIAN AVE,0.009,E,0,0,26.690968,-80.074682,93503500,2.404,,,,L LEFT,2 THRU LANE 2,0,,05 LOCAL,01 NON-JUNCTION,01 ON ROADWAY,01 NOT AT INTERSECTION,01 PAVED,0,"December 31, 2000",,,,0,,0,,0,,,RCI,0,,,1 NO INJURY,33 Q/C VERIFIED AS OFF-SYSTEM,0 NO,01 NOT AT INTERSECTION/RRX/BRIDGE,04 DARK-LIGHTED,01 CLEAR,01 DRY,00 NOT CODED,0 NOT CODED,NOT CODED,"TWO-WAY, DIVIDED, POSITIVE MED",NOT CODED,NO CONTROLS,,NONE,NOT CODED,NOT CODED,NONE,NOT CODED,NOT CODED,14 MOTOR VEHICLE IN TRANSPORT,03 ANGLE,00 NOT CODED,NOT CODED,NO CONTRIBUTING ACTION,00 NOT CODED,00 NOT CODED,00 NOT CODED,00 NOT CODED,01 NO,0,0,0,0,1,0,2,4,N,N,N,N,N,N,N,N,N,N,N,N,N,N,N,N,N,N,N,N,N,N,N,N,N,N,26.690969324,-80.074681939,592057.630174,2952541.920796,L,U,ARBM15Q1R2,"February 27, 2022",1844640,-8913873.116176233,3084915.8321069013
2016866182660,2016,866182660,20160016176,COUNTY SHERIFF'S OFFICE,04 FOURTH,PALM BEACH,"September 6, 2016",1804,WEDNESDAY,9394 WEST PALM BEACH,0694,Y,24TH ST,BROADWAY,0.006,W,0,0,26.7359555,-80.0528278,93020000,10.009,03725,SR 5,US 1,T SIDE RD LEFT,S SIDE OF ROAD,W WEST,22 URBAN 4-5LN 2WY UNDIVD,05 LOCAL,01 NON-JUNCTION,01 ON ROADWAY,01 NOT AT INTERSECTION,03 CURB,49,"June 13, 2016",16 URBAN MINOR ART,44,CURB&GUTTER,2,,0,,0,,19500,RCI,2.7,,30,1 NO INJURY,31 Q/C COMPLETED - LOC VERIFIED,0 NO,01 NOT AT INTERSECTION/RRX/BRIDGE,01 DAYLIGHT,01 CLEAR,01 DRY,01 LEVEL,1 STRAIGHT,"TWO-WAY, NOT DIVIDED","TWO-WAY, NOT DIVIDED",NO CONTROLS,NO CONTROLS,4,NONE,NOT CODED,NOT CODED,NONE,NOT CODED,NOT CODED,01 OVERTURN/ROLLOVER,"04 SIDESWIPE, SAME DIRECTION",16 LEAVING TRAFFIC LANE,IMPROPER TURN,NOT CODED,00 NOT CODED,00 NOT CODED,00 NOT CODED,00 NOT CODED,01 NO,0,0,0,0,1,0,2,1,N,N,N,N,Y,N,N,N,N,N,N,N,N,N,N,N,N,N,N,N,N,N,N,N,N,N,26.735880718,-80.052828545,594194.917802,2957532.437109,C,,ARBM15Q1R2,"February 27, 2022",1844664,-8911440.40695549,3090512.7256245594
2016866182670,2016,866182670,20160016179,COUNTY SHERIFF'S OFFICE,04 FOURTH,PALM BEACH,"September 6, 2016",1831,WEDNESDAY,9394 WEST PALM BEACH,0694,Y,N FLAGLER DR,BUTLER ST,0.028,N,0,0,26.731388,-80.049495,93000045,1.899,,,,R RIGHT,P PARKING,N NORTH,,05 LOCAL,01 NON-JUNCTION,01 ON ROADWAY,01 NOT AT INTERSECTION,03 CURB,0,"December 31, 2000",,,,0,,0,,0,,,RCI,0,,,2 POSSIBLE INJURY,33 Q/C VERIFIED AS OFF-SYSTEM,0 NO,01 NOT AT INTERSECTION/RRX/BRIDGE,01 DAYLIGHT,02 CLOUDY,01 DRY,01 LEVEL,3 CURVE LEFT,"TWO-WAY, NOT DIV, W/CONT LTURN","TWO-WAY, NOT DIV, W/CONT LTURN",NO CONTROLS,NO CONTROLS,,NONE,NOT CODED,NOT CODED,NONE,NOT CODED,NOT CODED,15 PARKED MOTOR VEHICLE,03 ANGLE,01 STRAIGHT AHEAD,OPERATED MV IN CARLESS OR NEGL,NOT CODED,00 NOT CODED,00 NOT CODED,00 NOT CODED,00 NOT CODED,01 NO,1,0,0,0,1,0,2,1,N,N,N,N,Y,N,N,N,N,N,N,N,N,N,N,N,N,N,N,N,N,N,N,N,N,N,26.731388,-80.049497336,594529.934256,2957037.273415,C,U,ARBM15Q1R2,"February 27, 2022",1844665,-8911069.5782307,3089952.740105163
2016866182700,2016,866182700,20160016197,COUNTY SHERIFF'S OFFICE,04 FOURTH,PALM BEACH,"September 7, 2016",0732,THURSDAY,9394 WEST PALM BEACH,0694,Y,LIBERTY OAK AVE,2ND WAY,0,W,0,0,26.751088,-80.093889,93A04279,0.589,,,,I INTERSECTION,M MIDDLE,N NORTH,,05 LOCAL,02 INTERSECTION,01 ON ROADWAY,02 FOUR-WAY INTERSECTION,03 CURB,0,"December 31, 2000",,,,0,,0,,0,,,RCI,0,,,1 NO INJURY,33 Q/C VERIFIED AS OFF-SYSTEM,0 NO,02 AT INTERSECTION,01 DAYLIGHT,01 CLEAR,01 DRY,01 LEVEL,1 STRAIGHT,"TWO-WAY, NOT DIVIDED","TWO-WAY, NOT DIVIDED",NO CONTROLS,NO CONTROLS,,NONE,NOT CODED,NOT CODED,NONE,NOT CODED,NOT CODED,14 MOTOR VEHICLE IN TRANSPORT,03 ANGLE,06 CHANGING LANES,IMPROPER TURN,NO CONTRIBUTING ACTION,00 NOT CODED,00 NOT CODED,00 NOT CODED,00 NOT CODED,01 NO,0,0,0,0,2,0,2,4,N,N,Y,Y,N,N,N,N,N,N,N,N,N,N,N,N,N,N,N,N,Y,N,N,N,N,N,26.751085064,-80.093887322,590099.4835,2959186.8102,C,U,ARBM15Q1R2,"February 27, 2022",1844666,-8916011.050463438,3092408.0038180696
2016866201260,2016,866201260,20160022877,COUNTY SHERIFF'S OFFICE,04 FOURTH,PALM BEACH,"December 19, 2016",1213,TUESDAY,9394 WEST PALM BEACH,0694,Y,NORTON AVE,KERN ST,0,E,0,0,26.652237,-80.05802,93A13296,0.097,,,,I INTERSECTION,M MIDDLE,W WEST,,05 LOCAL,02 INTERSECTION,01 ON ROADWAY,03 T-INTERSECTION,02 UNPAVED,0,"December 31, 2000",,,,0,,0,,0,,,RCI,0,,,1 NO INJURY,33 Q/C VERIFIED AS OFF-SYSTEM,0 NO,02 AT INTERSECTION,01 DAYLIGHT,01 CLEAR,01 DRY,01 LEVEL,1 STRAIGHT,"TWO-WAY, NOT DIVIDED","TWO-WAY, NOT DIVIDED",STOP SIGN,NO CONTROLS,,NONE,NOT CODED,NOT CODED,NONE,NOT CODED,NOT CODED,14 MOTOR VEHICLE IN TRANSPORT,03 ANGLE,01 STRAIGHT AHEAD,NOT CODED,NO CONTRIBUTING ACTION,00 NOT CODED,00 NOT CODED,00 NOT CODED,00 NOT CODED,01 NO,0,0,0,0,1,0,2,2,N,N,N,Y,N,N,N,N,N,N,N,N,N,N,N,N,N,N,N,N,N,N,N,N,N,N,26.652235089,-80.058017335,593747.3046,2948263.7353,C,U,ARBM15Q1R2,"February 27, 2022",1844674,-8912018.020283151,3080090.512273635
2016866201270,2016,866201270,20160022896,COUNTY SHERIFF'S OFFICE,04 FOURTH,PALM BEACH,"December 19, 2016",1619,TUESDAY,9394 WEST PALM BEACH,0694,Y,PALM BEACH LAKES BLVD,MADEIRA CT,0,E,0,0,26.724483,-80.054318,93014501,0.752,,,,I INTERSECTION,M MIDDLE,S SOUTH,,05 LOCAL,02 INTERSECTION,01 ON ROADWAY,02 FOUR-WAY INTERSECTION,03 CURB,0,"December 31, 2000",,,,0,,0,,0,,,RCI,0,,,1 NO INJURY,33 Q/C VERIFIED AS OFF-SYSTEM,0 NO,02 AT INTERSECTION,01 DAYLIGHT,01 CLEAR,01 DRY,00 NOT CODED,0 NOT CODED,NOT CODED,"TWO-WAY, NOT DIVIDED",NOT CODED,NO CONTROLS,,NONE,NOT CODED,NOT CODED,NONE,NOT CODED,NOT CODED,14 MOTOR VEHICLE IN TRANSPORT,03 ANGLE,00 NOT CODED,NOT CODED,NO CONTRIBUTING ACTION,00 NOT CODED,00 NOT CODED,00 NOT CODED,00 NOT CODED,01 NO,0,0,0,0,1,0,2,1,N,N,N,Y,N,N,N,N,N,N,N,N,N,N,N,N,N,N,N,N,N,N,N,N,N,N,26.72448507,-80.054317334,594056.2232,2956269.109,C,U,ARBM15Q1R2,"February 27, 2022",1844675,-8911606.138201373,3089092.381933097
2016866201280,2016,866201280,20160022901,COUNTY SHERIFF'S OFFICE,04 FOURTH,PALM BEACH,"December 19, 2016",1703,TUESDAY,9394 WEST PALM BEACH,0694,Y,BARCELONA RD,S OLIVE AVE,0.008,E,0,0,26.69521,-80.052382,93A12091,0.11,,,,L LEFT,1 THRU LANE 1,0,,05 LOCAL,01 NON-JUNCTION,01 ON ROADWAY,01 NOT AT INTERSECTION,03 CURB,0,"December 31, 2000",,,,0,,0,,0,,,RCI,0,,,0 UNKNOWN/NOT CODED,33 Q/C VERIFIED AS OFF-SYSTEM,0 NO,01 NOT AT INTERSECTION/RRX/BRIDGE,01 DAYLIGHT,01 CLEAR,01 DRY,00 NOT CODED,0 NOT CODED,NOT CODED,"TWO-WAY, NOT DIVIDED",NOT CODED,NO CONTROLS,,NONE,NOT CODED,NOT CODED,NONE,NOT CODED,NOT CODED,15 PARKED MOTOR VEHICLE,"04 SIDESWIPE, SAME DIRECTION",00 NOT CODED,NOT CODED,NOT CODED,00 NOT CODED,00 NOT CODED,00 NOT CODED,00 NOT CODED,01 NO,0,0,0,0,0,0,2,0,N,N,N,N,Y,N,N,N,N,N,N,N,N,N,N,N,N,N,N,N,N,N,N,N,N,N,26.695212128,-80.052381938,594272.831028,2953028.158709,C,U,ARBM15Q1R2,"February 27, 2022",1844676,-8911390.69074042,3085444.4793188856
2016866201360,2016,866201360,20160022917,COUNTY SHERIFF'S OFFICE,04 FOURTH,PALM BEACH,"December 19, 2016",2013,TUESDAY,9394 WEST PALM BEACH,0694,Y,ROSELAND DR,GEORGIA AVE,0.028,E,0,0,26.67847,-80.058254,93A12553,0.029,,,,R RIGHT,1 THRU LANE 1,E EAST,,05 LOCAL,01 NON-JUNCTION,01 ON ROADWAY,01 NOT AT INTERSECTION,03 CURB,0,"December 31, 2000",,,,0,,0,,0,,,RCI,0,,,1 NO INJURY,33 Q/C VERIFIED AS OFF-SYSTEM,0 NO,01 NOT AT INTERSECTION/RRX/BRIDGE,04 DARK-LIGHTED,01 CLEAR,01 DRY,01 LEVEL,1 STRAIGHT,"TWO-WAY, NOT DIVIDED","TWO-WAY, NOT DIVIDED",NO CONTROLS,NO CONTROLS,,NONE,NOT CODED,NOT CODED,NONE,NOT CODED,NOT CODED,14 MOTOR VEHICLE IN TRANSPORT,"04 SIDESWIPE, SAME DIRECTION",77 OTHER (SEE NARRATIVE),NOT CODED,NO CONTRIBUTING ACTION,00 NOT CODED,00 NOT CODED,00 NOT CODED,00 NOT CODED,01 NO,0,0,0,0,1,0,2,1,N,N,N,N,Y,N,N,N,N,N,N,N,N,N,N,N,N,N,N,N,N,N,N,N,N,N,26.678470137,-80.058253995,593702.313892,2951169.433126,C,U,ARBM15Q1R2,"February 27, 2022",1844679,-8912044.365186442,3083358.565943707
2016866201370,2016,866201370,20160022929,COUNTY SHERIFF'S OFFICE,04 FOURTH,PALM BEACH,"December 20, 2016",0146,WEDNESDAY,9394 WEST PALM BEACH,0694,Y,VILLAGE BLVD,50TH WAY,0.028,N,0,0,26.747747,-80.090803,93577000,3.309,,,,R RIGHT,S SIDE OF ROAD,N NORTH,,05 LOCAL,01 NON-JUNCTION,02 OFF ROADWAY,01 NOT AT INTERSECTION,03 CURB,0,"December 31, 2000",,,,0,,0,,0,,,RCI,0,,,3 NO-INCAPACITATING INJURY,33 Q/C VERIFIED AS OFF-SYSTEM,0 NO,01 NOT AT INTERSECTION/RRX/BRIDGE,04 DARK-LIGHTED,01 CLEAR,02 WET,01 LEVEL,3 CURVE LEFT,"TWO-WAY, DIVIDED, POSITIVE MED",,NO CONTROLS,NOT CODED,,"RD SURFC (WET, ICY, SNOW, ETC)",NOT CODED,NOT CODED,NONE,NOT CODED,NOT CODED,33 UTILITY POLE/LIGHT SUPPORT,77 OTHER (SEE NARRATIVE),01 STRAIGHT AHEAD,OTHER CONTRIBUTING ACTION,NOT CODED,00 NOT CODED,00 NOT CODED,00 NOT CODED,00 NOT CODED,01 NO,1,0,0,0,1,0,1,1,N,N,N,N,Y,N,N,N,N,N,N,N,N,N,N,N,N,N,N,N,N,N,N,N,N,N,26.74774718,-80.090807699,590408.362598,2958819.277828,R,U,ARBM15Q1R2,"February 27, 2022",1844680,-8915668.228256058,3091991.9023731984
2016866201430,2016,866201430,20160022964,COUNTY SHERIFF'S OFFICE,04 FOURTH,PALM BEACH,"December 20, 2016",1600,WEDNESDAY,9394 WEST PALM BEACH,0694,Y,45TH ST,VILLAGE BLVD,0.076,W,0,0,26.75938,-80.101574,93510000,0.431,,,,R RIGHT,3 THRU LANE 3,E EAST,,03 STATE,01 NON-JUNCTION,01 ON ROADWAY,01 NOT AT INTERSECTION,03 CURB,0,"December 31, 2000",,,,0,,0,,0,,,RCI,0,,,1 NO INJURY,33 Q/C VERIFIED AS OFF-SYSTEM,0 NO,01 NOT AT INTERSECTION/RRX/BRIDGE,01 DAYLIGHT,02 CLOUDY,01 DRY,01 LEVEL,1 STRAIGHT,"TWO-WAY, DIVIDED, POSITIVE MED","TWO-WAY, DIVIDED, POSITIVE MED",NO CONTROLS,NO CONTROLS,,NONE,NOT CODED,NOT CODED,NONE,NOT CODED,NOT CODED,14 MOTOR VEHICLE IN TRANSPORT,01 FRONT TO REAR,01 STRAIGHT AHEAD,OPERATED MV IN CARLESS OR NEGL,NO CONTRIBUTING ACTION,00 NOT CODED,00 NOT CODED,00 NOT CODED,00 NOT CODED,01 NO,0,0,0,0,3,0,3,3,N,N,N,N,N,N,N,N,N,N,N,N,N,N,N,N,N,N,N,N,N,N,N,N,N,N,26.759378828,-80.101574047,589328.629588,2960100.038159,R,U,ARBM15Q1R2,"February 27, 2022",1844681,-8916866.733020194,3093441.959143295
2016866183270,2016,866183270,20160016394,COUNTY SHERIFF'S OFFICE,04 FOURTH,PALM BEACH,"September 10, 2016",1245,SUNDAY,9394 WEST PALM BEACH,0694,Y,MILITARY TRL N,CUMBERLAND DR,0.006,S,0,0,26.7487661,-80.1092423,93150000,4.898,03406,SR 809,,R RIGHT,3 THRU LANE 3,N NORTH,30 URBAN 6+LN 2WY DIVD RASD,03 STATE,01 NON-JUNCTION,01 ON ROADWAY,01 NOT AT INTERSECTION,03 CURB,39,"June 1, 2014",14 URBAN PRIN ART OTHER,36,PAVED,4,CURB&GUTTER,2,,0,20,34500,RCI,2.5,,45,3 NO-INCAPACITATING INJURY,31 Q/C COMPLETED - LOC VERIFIED,0 NO,03 INFLUENCED BY INTERSECTION,01 DAYLIGHT,01 CLEAR,01 DRY,01 LEVEL,1 STRAIGHT,"TWO-WAY, DIVIDED, POSITIVE MED","TWO-WAY, DIVIDED, POSITIVE MED",NO CONTROLS,NO CONTROLS,6,NONE,NOT CODED,NOT CODED,NONE,NOT CODED,NOT CODED,14 MOTOR VEHICLE IN TRANSPORT,01 FRONT TO REAR,01 STRAIGHT AHEAD,OPERATED MV IN CARLESS OR NEGL,NO CONTRIBUTING ACTION,00 NOT CODED,00 NOT CODED,00 NOT CODED,00 NOT CODED,01 NO,1,0,0,0,3,0,3,5,N,N,N,Y,N,N,N,N,N,N,N,N,N,N,N,N,N,N,N,N,Y,N,N,N,N,N,26.748815905,-80.109228005,588575.764535,2958924.7027,R,,ARBM15Q1R2,"February 27, 2022",1844691,-8917718.767956376,3092125.128577904