Crash Id,Calendar Year,FDOT Crash Number,Reporting Agency Case Number,Reporting Agency Type,FDOT Managing District,County Name,Crash Date,Crash Time,Day,DHSMV City,Crash Report City Code,In Town,On Roadway Name,Int Roadway Name,Reference Distance (Miles),Reference Direction,Officer Latitude,Officer Longitude,FDOT Latitude,FDOT Longitude,FDOT Roadway,Nearest Inventory MP,Nearest Node From Crash,State Road #,US Highway,Crash Side of Road,Accident Lane Number,Travel Direction Vehicle 1,FDOT Road Category,DHSMV Road System Id,Relation to Junction,Crash Harmful Event Location,Intersection Type,Shoulder Type,FDOT Roadway SKID Test Result,FDOT Roadway SKID Test Date,Functional Class,RCI Surface Width,RCI Shoulder Type First,RCI Shoulder Width First,RCI Shoulder Type Second,RCI Shoulder Width Second,RCI Shoulder Type Third,RCI Shoulder Width Third,RCI Median Width,Avg Daily Traffic,AADT Source,RCI Avg Per Truck Traffic,RCI Horiz Curve Condition,Posted Speed Limit,Highest Injury in Crash,CAR Status Code,Alcohols/Drug Involved,Site Location,Lighting,Weather,Road Surface,Roadway Grade,Roadway Alignment,Traffic Way Vehicle 1,Traffic Way Vehicle 2,Traffic Control Vehicle 1,Traffic Control Vehicle 2,Count of Lanes,Road Condition 1,Road Condition 2,Road Condition 3,Environment Condition 1,Environment Condition 2,Environment Condition 3,Crash Harmful Event,Manner of Collision,Vehicle Movement,Driver Action Vehicle 1,Driver Action Vehicle 2,Location Within Workzone,Type of Workzone,Workers Present in Workzone,Law Enforcement Present in Workzone,School Bus Related,Count of Nonfatal Injuries,Count of Traffic Fatalities,Count of Serious Injuries,Count of Pedestrians,Count of Drivers,Count of Bicyclists,Count of Vehicles,Count of Persons,Wrong Way,Workzone Inv,Commercial Vehicle Inv,Intersection Inv,Lane Departure,Speeding,Agressive Driving,Impaired Driver,Impaired Pedestrian,Impaired Bicyclist,Distracted Driver,Speeding or Aggressive Driving,Pedestrian Related,Bicyclist Related,Pedestrian or Bicyclist Related,Motorcycle Inv,No Belt,No Belt - Ages 1-4,No Belt - Ages 5-12,No Belt - Ages 13-17,Driver - Ages Teen,Driver - Ages 65 plus,Driver - Ages 65-69,Driver - Ages 70-74,Driver - Ages 75-79,Driver - Ages 80 plus,ARBM Latitude,ARBM Longitude,UTM Zone 17N X,UTM Zone 17N Y,ARBM Side of Road,Urban Rural Indicator,GIS Street Source,Extract Date,OBJECTID,x,y
2016853614520,2016,853614520,FHPL16OFF069679,FLORIDA HIGHWAY PATROL,04 FOURTH,PALM BEACH,"September 24, 2016",0235,SUNDAY,9394 WEST PALM BEACH,0694,N,I 95,OKEECHOBEE BLVD,1,S,26.70595,-80.07438,26.6906635,-80.066548,93220000,25.991,05235,SR 9,I 95,R RIGHT,4 THRU LANE 4,N NORTH,01 INTERSTATE URBAN,01 INTERSTATE,01 NON-JUNCTION,01 ON ROADWAY,01 NOT AT INTERSECTION,01 PAVED,35,"June 2, 2015",11 URBAN PRIN ART INT.,64,PAVED WARN,10,,0,,0,32,229000,RCI,6,3D0000,65,1 NO INJURY,31 Q/C COMPLETED - LOC VERIFIED,0 NO,01 NOT AT INTERSECTION/RRX/BRIDGE,04 DARK-LIGHTED,03 RAIN,02 WET,04 DOWNHILL,1 STRAIGHT,"TWO-WAY, DIVIDED, POSITIVE MED","TWO-WAY, DIVIDED, POSITIVE MED",NO CONTROLS,NO CONTROLS,10,NONE,NOT CODED,NOT CODED,NONE,NOT CODED,NOT CODED,14 MOTOR VEHICLE IN TRANSPORT,03 ANGLE,77 OTHER (SEE NARRATIVE),OPERATED MV IN CARLESS OR NEGL,NO CONTRIBUTING ACTION,00 NOT CODED,00 NOT CODED,00 NOT CODED,00 NOT CODED,01 NO,0,0,0,0,2,0,2,2,N,N,N,N,N,N,N,N,N,N,N,N,N,N,N,N,N,N,N,N,N,N,N,N,N,N,26.690455003,-80.066587332,592863.402404,2952490.82116,R,,ARBM15Q1R2,"February 27, 2022",3149420,-8912972.028342675,3084851.7497996013
2016852910610,2016,852910610,FHPL16OFF036929,FLORIDA HIGHWAY PATROL,04 FOURTH,PALM BEACH,"May 25, 2016",1148,THURSDAY,9394 WEST PALM BEACH,0694,Y,I 95,FOREST HILL BLVD,0.3,S,26.65531,-80.0693899,26.6472956,-80.0680828,93220000,22.952,04272,SR 9,I 95,R RIGHT,4 THRU LANE 4,N NORTH,01 INTERSTATE URBAN,01 INTERSTATE,01 NON-JUNCTION,01 ON ROADWAY,01 NOT AT INTERSECTION,01 PAVED,35,"June 2, 2015",11 URBAN PRIN ART INT.,64,PAVED WARN,10,,0,,0,32,236000,RCI,7.3,2D0000,65,1 NO INJURY,31 Q/C COMPLETED - LOC VERIFIED,0 NO,01 NOT AT INTERSECTION/RRX/BRIDGE,01 DAYLIGHT,01 CLEAR,01 DRY,01 LEVEL,1 STRAIGHT,"TWO-WAY, DIVIDED, POSITIVE MED","TWO-WAY, DIVIDED, POSITIVE MED",NO CONTROLS,NO CONTROLS,11,NONE,NOT CODED,NOT CODED,NONE,NOT CODED,NOT CODED,14 MOTOR VEHICLE IN TRANSPORT,"04 SIDESWIPE, SAME DIRECTION",00 NOT CODED,NOT CODED,NO CONTRIBUTING ACTION,00 NOT CODED,00 NOT CODED,00 NOT CODED,00 NOT CODED,01 NO,0,0,0,0,1,0,2,1,N,N,Y,N,Y,N,N,N,N,N,N,N,N,N,N,N,N,N,N,N,N,N,N,N,N,N,26.647037463,-80.068154123,592742.624832,2947680.632074,R,,ARBM15Q1R2,"February 27, 2022",3149562,-8913146.442749783,3079443.142301989
2016853074020,2016,853074020,FHPL16OFF036202,FLORIDA HIGHWAY PATROL,04 FOURTH,PALM BEACH,"May 22, 2016",1655,MONDAY,9394 WEST PALM BEACH,0694,N,I 95,SR 80,0.379,S,26.67633,-80.06985,26.6700192,-80.0704359,93220000,24.532,04887,SR 9,I 95,R RIGHT,4 THRU LANE 4,N NORTH,01 INTERSTATE URBAN,01 INTERSTATE,01 NON-JUNCTION,01 ON ROADWAY,01 NOT AT INTERSECTION,01 PAVED,36,"June 2, 2015",11 URBAN PRIN ART INT.,78,PAVED,8,VALLEY GUTR,3,,0,32,230000,RCI,5.7,,65,1 NO INJURY,31 Q/C COMPLETED - LOC VERIFIED,0 NO,01 NOT AT INTERSECTION/RRX/BRIDGE,01 DAYLIGHT,01 CLEAR,01 DRY,01 LEVEL,1 STRAIGHT,"TWO-WAY, DIVIDED, POSITIVE MED","TWO-WAY, DIVIDED, POSITIVE MED",NO CONTROLS,NO CONTROLS,12,NONE,NOT CODED,NOT CODED,NONE,NOT CODED,NOT CODED,14 MOTOR VEHICLE IN TRANSPORT,"04 SIDESWIPE, SAME DIRECTION",06 CHANGING LANES,NOT CODED,NO CONTRIBUTING ACTION,00 NOT CODED,00 NOT CODED,00 NOT CODED,00 NOT CODED,01 NO,0,0,0,0,1,0,2,1,N,N,N,N,Y,N,N,N,N,N,N,N,N,N,N,N,N,N,N,N,N,N,N,N,N,N,26.66978289,-80.070498053,592490.992045,2950198.275548,R,,ARBM15Q1R2,"February 27, 2022",3149784,-8913407.367918983,3082276.327672184
2016853074050,2016,853074050,FHPL16OFF036385,FLORIDA HIGHWAY PATROL,04 FOURTH,PALM BEACH,"May 23, 2016",1212,TUESDAY,9394 WEST PALM BEACH,0694,N,I 95,SR 80,0.095,S,26.6760699,-80.06789,26.6746662,-80.068898,93220154,0.129,04888,SR 9,I 95,R RIGHT,X RAMP,N NORTH,07 RAMP URBAN,01 INTERSTATE,14 ENTRANCE/EXIT RAMP,01 ON ROADWAY,03 T-INTERSECTION,01 PAVED,0,"December 31, 2000",,47,PAVED,6,VALLEY GUTR,4,,0,,18500,RCI,6.9,,,1 NO INJURY,31 Q/C COMPLETED - LOC VERIFIED,0 NO,08 EXIT RAMP,01 DAYLIGHT,01 CLEAR,01 DRY,03 UPHILL,1 STRAIGHT,ONE-WAY TRAFFICWAY,ONE-WAY TRAFFICWAY,TRAFFIC CONTROL SIGNAL,TRAFFIC CONTROL SIGNAL,4,NONE,NOT CODED,NOT CODED,NONE,NOT CODED,NOT CODED,14 MOTOR VEHICLE IN TRANSPORT,"04 SIDESWIPE, SAME DIRECTION",03 TURNING LEFT,OPERATED MV IN CARLESS OR NEGL,NO CONTRIBUTING ACTION,00 NOT CODED,00 NOT CODED,00 NOT CODED,00 NOT CODED,01 NO,0,0,0,0,2,0,2,2,N,N,Y,N,Y,N,N,N,N,N,N,N,N,N,N,N,N,N,N,N,N,Y,Y,N,N,N,26.674663538,-80.068890806,592646.9872,2950740.035775,O,,ARBM15Q1R2,"February 27, 2022",3149785,-8913228.450013366,3082884.3380580186
2016853074080,2016,853074080,FHPL16OFF037204,FLORIDA HIGHWAY PATROL,04 FOURTH,PALM BEACH,"May 26, 2016",1213,FRIDAY,9394 WEST PALM BEACH,0694,N,I 95,PALM BEACH LAKES BLVD,0.189,S,26.7189599,-80.08946,26.715214,-80.085117,93220000,28.065,01184,SR 9,I 95,R RIGHT,4 THRU LANE 4,N NORTH,01 INTERSTATE URBAN,01 INTERSTATE,01 NON-JUNCTION,01 ON ROADWAY,01 NOT AT INTERSECTION,01 PAVED,35,"June 2, 2015",11 URBAN PRIN ART INT.,64,PAVED WARN,10,,0,,0,32,206101,RCI,6.4,,65,1 NO INJURY,31 Q/C COMPLETED - LOC VERIFIED,0 NO,01 NOT AT INTERSECTION/RRX/BRIDGE,01 DAYLIGHT,01 CLEAR,01 DRY,03 UPHILL,2 CURVE RIGHT,"TWO-WAY, DIVIDED, POSITIVE MED","TWO-WAY, DIVIDED, POSITIVE MED",NO CONTROLS,NO CONTROLS,10,NONE,NOT CODED,NOT CODED,NONE,NOT CODED,NOT CODED,30 CONCRETE TRAFFIC BARRIER,"04 SIDESWIPE, SAME DIRECTION",01 STRAIGHT AHEAD,NO CONTRIBUTING ACTION,NO CONTRIBUTING ACTION,00 NOT CODED,00 NOT CODED,00 NOT CODED,00 NOT CODED,01 NO,0,0,0,0,2,0,2,2,N,N,N,N,Y,N,N,N,N,N,N,N,N,N,N,N,N,N,N,N,N,N,N,N,N,N,26.715120587,-80.084953173,591016.518111,2955209.615153,R,,ARBM15Q1R2,"February 27, 2022",3149787,-8915016.505143024,3087925.307219991
2016866183880,2016,866183880,20160016619,COUNTY SHERIFF'S OFFICE,04 FOURTH,PALM BEACH,"September 13, 2016",1715,WEDNESDAY,9394 WEST PALM BEACH,0694,Y,FOREST HILL BLVD,NORTON AVE,0.019,W,0,0,26.6551161,-80.0581126,93016000,9.099,03812,SR 882,,R RIGHT,D DRIVEWAY,N NORTH,21 URBAN 4-5LN 2WY DIVD PAVD,04 COUNTY,01 NON-JUNCTION,08 IN PARKING LANE OR ZONE,01 NOT AT INTERSECTION,03 CURB,36,"June 1, 2015",16 URBAN MINOR ART,17,PAVED,1,RAISED CURB,0,,0,11,17200,RCI,3.1,,35,3 NO-INCAPACITATING INJURY,31 Q/C COMPLETED - LOC VERIFIED,0 NO,04 DRIVEWAY ACCESS,01 DAYLIGHT,01 CLEAR,01 DRY,01 LEVEL,1 STRAIGHT,"TWO-WAY, NOT DIVIDED",,NO CONTROLS,NOT CODED,4,NONE,NOT CODED,NOT CODED,NONE,NOT CODED,NOT CODED,11 PEDALCYCLE,77 OTHER (SEE NARRATIVE),01 STRAIGHT AHEAD,FAILED TO YIELD RIGHT-OF-WAY,NOT CODED,00 NOT CODED,00 NOT CODED,00 NOT CODED,00 NOT CODED,01 NO,1,0,0,0,1,1,1,2,N,N,N,N,N,N,N,N,N,N,N,N,N,Y,Y,N,N,N,N,N,N,N,N,N,N,N,26.655137746,-80.05810413,593736.294992,2948585.177977,C,,ARBM15Q1R2,"February 27, 2022",1116081,-8912027.682267632,3080452.054219297
2016866183260,2016,866183260,20160016372,COUNTY SHERIFF'S OFFICE,04 FOURTH,PALM BEACH,"September 10, 2016",0121,SUNDAY,9394 WEST PALM BEACH,0694,Y,QUADRILLE BLVD S,CLEMATIS ST,0.001,S,0,0,26.7134481,-80.0549709,93020100,0.542,02395,SR 5,US 1,L LEFT,C CROSSWALK,S SOUTH,10 URBAN 2-3LN 2WY DIVD RASD,05 LOCAL,02 INTERSECTION,01 ON ROADWAY,01 NOT AT INTERSECTION,01 PAVED,41,"June 13, 2016",17 URBAN MAJOR COLLECTOR,11,CURB&GUTTER,2,,0,,0,16,12400,RCI,3.5,,30,2 POSSIBLE INJURY,31 Q/C COMPLETED - LOC VERIFIED,0 NO,02 AT INTERSECTION,04 DARK-LIGHTED,01 CLEAR,01 DRY,01 LEVEL,1 STRAIGHT,"TWO-WAY, NOT DIV, W/CONT LTURN",,TRAFFIC CONTROL SIGNAL,NOT CODED,3,NONE,NOT CODED,NOT CODED,NONE,NOT CODED,NOT CODED,10 PEDESTRIAN,77 OTHER (SEE NARRATIVE),03 TURNING LEFT,NO CONTRIBUTING ACTION,NOT CODED,00 NOT CODED,00 NOT CODED,00 NOT CODED,00 NOT CODED,01 NO,1,0,0,1,1,0,1,2,N,N,N,Y,N,N,N,N,N,N,N,N,Y,N,Y,N,N,N,N,N,N,N,N,N,N,N,26.713443799,-80.054986226,593998.762683,2955045.641801,C,,ARBM15Q1R2,"February 27, 2022",1116755,-8911680.598873928,3087716.343074392
2016866190150,2016,866190150,20160018852,COUNTY SHERIFF'S OFFICE,04 FOURTH,PALM BEACH,"October 18, 2016",1825,WEDNESDAY,9394 WEST PALM BEACH,0694,Y,MILITARY TRL N,45TH ST,0.038,S,0,0,26.7591251,-80.1085028,93150000,5.613,01688,SR 809,,L LEFT,2 THRU LANE 2,0,30 URBAN 6+LN 2WY DIVD RASD,05 LOCAL,01 NON-JUNCTION,01 ON ROADWAY,01 NOT AT INTERSECTION,01 PAVED,37,"June 1, 2014",14 URBAN PRIN ART OTHER,36,PAVED,4,CURB&GUTTER,2,,0,30,34500,RCI,2.5,,45,3 NO-INCAPACITATING INJURY,31 Q/C COMPLETED - LOC VERIFIED,0 NO,01 NOT AT INTERSECTION/RRX/BRIDGE,01 DAYLIGHT,01 CLEAR,01 DRY,00 NOT CODED,0 NOT CODED,NOT CODED,,NOT CODED,NOT CODED,6,NONE,NOT CODED,NOT CODED,NONE,NOT CODED,NOT CODED,10 PEDESTRIAN,77 OTHER (SEE NARRATIVE),00 NOT CODED,NOT CODED,NOT CODED,00 NOT CODED,00 NOT CODED,00 NOT CODED,00 NOT CODED,01 NO,1,0,0,1,0,0,1,1,N,N,N,N,N,N,N,N,N,N,N,N,Y,N,Y,N,N,N,N,N,N,N,N,N,N,N,26.759177918,-80.108672114,588623.005143,2960072.821049,L,,ARBM15Q1R2,"February 27, 2022",1117635,-8917656.886533763,3093416.911306578
2016866184390,2016,866184390,20160016779,COUNTY SHERIFF'S OFFICE,04 FOURTH,PALM BEACH,"September 16, 2016",0508,SATURDAY,9394 WEST PALM BEACH,0694,Y,SPRUCE AVE,56TH ST,0,E,0,0,26.760919,-80.053982,93900016,2.597,,,,I INTERSECTION,M MIDDLE,0,,05 LOCAL,02 INTERSECTION,01 ON ROADWAY,02 FOUR-WAY INTERSECTION,03 CURB,0,"December 31, 2000",19 URBAN LOCAL,,,0,,0,,0,,,RCI,0,,,5 FATAL(WITHIN 30 DAYS) INJURY,33 Q/C VERIFIED AS OFF-SYSTEM,0 NO,02 AT INTERSECTION,04 DARK-LIGHTED,01 CLEAR,01 DRY,00 NOT CODED,0 NOT CODED,NOT CODED,,NOT CODED,NOT CODED,,NONE,NOT CODED,NOT CODED,NONE,NOT CODED,NOT CODED,10 PEDESTRIAN,88 UNKNOWN,00 NOT CODED,NOT CODED,NOT CODED,00 NOT CODED,00 NOT CODED,00 NOT CODED,00 NOT CODED,01 NO,0,1,0,1,0,0,1,1,N,N,N,Y,N,N,N,N,N,N,N,N,Y,N,Y,N,N,N,N,N,N,N,N,N,N,N,26.760915061,-80.053977334,594060.058,2960304.4994,C,U,ARBM15Q1R2,"February 27, 2022",1117777,-8911568.28961744,3093633.4844915457
2016866206660,2016,866206660,20160023257,COUNTY SHERIFF'S OFFICE,04 FOURTH,PALM BEACH,"December 26, 2016",1030,TUESDAY,9394 WEST PALM BEACH,0694,Y,LAKEVIEW AVE,DIXIE HWY S,0.001,W,0,0,26.705479,-80.0537399,93020001,1.309,00694,SR 5,US 1,R RIGHT,C CROSSWALK,W WEST,11 URBAN 2-3LN 2WY DIVD PAVD,05 LOCAL,03 INTERSECTION-RELATED,01 ON ROADWAY,01 NOT AT INTERSECTION,03 CURB,43,"June 13, 2016",16 URBAN MINOR ART,21,CURB&GUTTER,2,,0,,0,11,18300,RCI,5.3,,35,3 NO-INCAPACITATING INJURY,31 Q/C COMPLETED - LOC VERIFIED,0 NO,02 AT INTERSECTION,01 DAYLIGHT,01 CLEAR,01 DRY,01 LEVEL,1 STRAIGHT,ONE-WAY TRAFFICWAY,,TRAFFIC CONTROL SIGNAL,NOT CODED,3,NONE,NOT CODED,NOT CODED,NONE,NOT CODED,NOT CODED,10 PEDESTRIAN,03 ANGLE,01 STRAIGHT AHEAD,NO CONTRIBUTING ACTION,NOT CODED,00 NOT CODED,00 NOT CODED,00 NOT CODED,00 NOT CODED,01 NO,1,0,0,1,1,0,1,2,N,N,N,Y,N,N,N,N,N,N,N,N,Y,N,Y,N,N,N,N,N,N,N,N,N,N,N,26.705488226,-80.053736821,594129.587249,2954165.375182,C,,ARBM15Q1R2,"February 27, 2022",1324158,-8911541.515729541,3086724.9478156213
2016866203290,2016,866203290,20170000002,COUNTY SHERIFF'S OFFICE,04 FOURTH,PALM BEACH,"December 30, 2016",2324,SATURDAY,9394 WEST PALM BEACH,0694,Y,ERIE PL,WARE DR,0.084,N,0,0,26.710146,-80.08449,93A11642,0.083,,,,R RIGHT,1 THRU LANE 1,0,,05 LOCAL,01 NON-JUNCTION,01 ON ROADWAY,01 NOT AT INTERSECTION,03 CURB,0,"December 31, 2000",,,,0,,0,,0,,,RCI,0,,,3 NO-INCAPACITATING INJURY,33 Q/C VERIFIED AS OFF-SYSTEM,0 NO,01 NOT AT INTERSECTION/RRX/BRIDGE,05 DARK-NOT LIGHTED,02 CLOUDY,01 DRY,00 NOT CODED,0 NOT CODED,NOT CODED,,NOT CODED,NOT CODED,,NONE,NOT CODED,NOT CODED,NONE,NOT CODED,NOT CODED,10 PEDESTRIAN,77 OTHER (SEE NARRATIVE),00 NOT CODED,NOT CODED,NOT CODED,00 NOT CODED,00 NOT CODED,00 NOT CODED,00 NOT CODED,01 NO,1,0,0,1,0,0,1,1,N,N,N,N,N,N,N,N,N,N,N,N,Y,N,Y,N,N,N,N,N,N,N,N,N,N,N,26.71014594,-80.084489892,591066.55947,2954658.938385,C,U,ARBM15Q1R2,"February 27, 2022",1324201,-8914964.932845263,3087305.3670532177
2016866197000,2016,866197000,20160021251,COUNTY SHERIFF'S OFFICE,04 FOURTH,PALM BEACH,"November 24, 2016",1920,FRIDAY,9394 WEST PALM BEACH,0694,Y,45TH ST,MILITARY TRL N,0.01,W,0,0,26.7597766,-80.1084516,93150000,5.658,01688,SR 809,,T SIDE RD LEFT,3 THRU LANE 3,W WEST,30 URBAN 6+LN 2WY DIVD RASD,04 COUNTY,02 INTERSECTION,01 ON ROADWAY,01 NOT AT INTERSECTION,03 CURB,37,"June 1, 2014",14 URBAN PRIN ART OTHER,36,PAVED,4,CURB&GUTTER,2,,0,30,34000,RCI,5.2,,45,4 INCAPACITATING INJURY,32 Q/C NOT TO BE DONE ON CRASH,1 ALC,03 INFLUENCED BY INTERSECTION,05 DARK-NOT LIGHTED,01 CLEAR,01 DRY,01 LEVEL,1 STRAIGHT,"TWO-WAY, DIVIDED, POSITIVE MED",,NO CONTROLS,NOT CODED,6,NONE,NOT CODED,NOT CODED,NONE,NOT CODED,NOT CODED,10 PEDESTRIAN,77 OTHER (SEE NARRATIVE),01 STRAIGHT AHEAD,NO CONTRIBUTING ACTION,NOT CODED,00 NOT CODED,00 NOT CODED,00 NOT CODED,00 NOT CODED,01 NO,2,0,1,1,1,0,1,2,N,N,N,Y,N,N,N,N,N,N,N,N,Y,N,Y,N,N,N,N,N,N,N,N,N,N,N,26.759830406,-80.108628615,588626.824097,2960145.123261,L,,ARBM15Q1R2,"February 27, 2022",1324742,-8917652.04419054,3093498.258023182
2016866188300,2016,866188300,20160018078,COUNTY SHERIFF'S OFFICE,04 FOURTH,PALM BEACH,"October 6, 2016",2050,FRIDAY,9394 WEST PALM BEACH,0694,Y,HIBISCUS ST,S ROSEMARY AVE,0.008,W,0,0,26.708589,-80.057267,93A11655,0.095,,,,L LEFT,C CROSSWALK,0,,05 LOCAL,02 INTERSECTION,01 ON ROADWAY,02 FOUR-WAY INTERSECTION,03 CURB,0,"December 31, 2000",,,,0,,0,,0,,,RCI,0,,,2 POSSIBLE INJURY,33 Q/C VERIFIED AS OFF-SYSTEM,0 NO,02 AT INTERSECTION,04 DARK-LIGHTED,01 CLEAR,01 DRY,00 NOT CODED,0 NOT CODED,NOT CODED,,NOT CODED,NOT CODED,,NONE,NOT CODED,NOT CODED,NONE,NOT CODED,NOT CODED,11 PEDALCYCLE,77 OTHER (SEE NARRATIVE),00 NOT CODED,NOT CODED,NOT CODED,00 NOT CODED,00 NOT CODED,00 NOT CODED,00 NOT CODED,01 NO,1,0,0,1,0,0,1,1,N,N,N,Y,N,N,N,N,N,N,N,N,Y,N,Y,N,N,N,N,N,N,N,N,N,N,N,26.708589348,-80.057266985,593775.864665,2954506.264695,C,U,ARBM15Q1R2,"February 27, 2022",1325357,-8911934.491773954,3087111.3903107345
2016866185520,2016,866185520,20160017175,COUNTY SHERIFF'S OFFICE,04 FOURTH,PALM BEACH,"September 22, 2016",1359,FRIDAY,9394 WEST PALM BEACH,0694,Y,CORPORATE WAY,45TH ST,0.019,N,0,0,26.759263,-80.088648,93A10562,0.029,,,,L LEFT,S SIDE OF ROAD,0,,05 LOCAL,01 NON-JUNCTION,01 ON ROADWAY,01 NOT AT INTERSECTION,01 PAVED,0,"December 31, 2000",,,,0,,0,,0,,,RCI,0,,,2 POSSIBLE INJURY,33 Q/C VERIFIED AS OFF-SYSTEM,0 NO,01 NOT AT INTERSECTION/RRX/BRIDGE,01 DAYLIGHT,03 RAIN,02 WET,01 LEVEL,1 STRAIGHT,"TWO-WAY, NOT DIVIDED",,NO CONTROLS,NOT CODED,,NONE,NOT CODED,NOT CODED,WEATHER CONDITIONS,NOT CODED,NOT CODED,10 PEDESTRIAN,88 UNKNOWN,01 STRAIGHT AHEAD,NOT CODED,NOT CODED,00 NOT CODED,00 NOT CODED,00 NOT CODED,00 NOT CODED,01 NO,1,0,0,1,0,0,1,1,N,N,N,N,N,N,N,N,N,N,N,N,Y,N,Y,N,N,N,N,N,N,N,N,N,N,N,26.759262996,-80.088647933,590614.002644,2960096.34834,C,U,ARBM15Q1R2,"February 27, 2022",1325377,-8915427.804227022,3093427.518155225
2016866185420,2016,866185420,20160017130,COUNTY SHERIFF'S OFFICE,04 FOURTH,PALM BEACH,"September 21, 2016",2007,THURSDAY,9394 WEST PALM BEACH,0694,Y,45TH ST,WINDSOR AVE,0.057,W,0,0,26.753129,-80.066108,93510000,2.81,,,,R RIGHT,2 THRU LANE 2,W WEST,,03 STATE,01 NON-JUNCTION,01 ON ROADWAY,01 NOT AT INTERSECTION,03 CURB,0,"December 31, 2000",,,,0,,0,,0,,,RCI,0,,,4 INCAPACITATING INJURY,33 Q/C VERIFIED AS OFF-SYSTEM,0 NO,01 NOT AT INTERSECTION/RRX/BRIDGE,04 DARK-LIGHTED,01 CLEAR,01 DRY,01 LEVEL,1 STRAIGHT,"TWO-WAY, DIVIDED, POSITIVE MED",,NO CONTROLS,NOT CODED,,NONE,NOT CODED,NOT CODED,NONE,NOT CODED,NOT CODED,10 PEDESTRIAN,77 OTHER (SEE NARRATIVE),01 STRAIGHT AHEAD,NO CONTRIBUTING ACTION,NOT CODED,00 NOT CODED,00 NOT CODED,00 NOT CODED,00 NOT CODED,01 NO,1,0,1,1,1,0,1,2,N,N,N,N,N,N,N,N,N,N,N,N,Y,N,Y,N,N,N,N,N,N,Y,N,N,N,Y,26.753129373,-80.066108005,592860.207972,2959433.213208,R,U,ARBM15Q1R2,"February 27, 2022",1326414,-8912918.670088211,3092662.853853846
2016866172750,2016,866172750,20160012691,COUNTY SHERIFF'S OFFICE,04 FOURTH,PALM BEACH,"July 12, 2016",2343,WEDNESDAY,9394 WEST PALM BEACH,0694,Y,SOUTHERN BLVD,PARKER AVE,0.002,E,0,0,26.6758772,-80.0630733,93120000,20.366,00374,SR 80,US 98,R RIGHT,1 THRU LANE 1,0,21 URBAN 4-5LN 2WY DIVD PAVD,03 STATE,01 NON-JUNCTION,01 ON ROADWAY,01 NOT AT INTERSECTION,03 CURB,40,"June 1, 2015",14 URBAN PRIN ART OTHER,22,RAISED CURB,0,,0,,0,12,23500,RCI,4.6,,35,4 INCAPACITATING INJURY,31 Q/C COMPLETED - LOC VERIFIED,1 ALC,03 INFLUENCED BY INTERSECTION,04 DARK-LIGHTED,01 CLEAR,01 DRY,00 NOT CODED,0 NOT CODED,NOT CODED,,NOT CODED,NOT CODED,4,NONE,NOT CODED,NOT CODED,NONE,NOT CODED,NOT CODED,10 PEDESTRIAN,77 OTHER (SEE NARRATIVE),00 NOT CODED,NOT CODED,NOT CODED,00 NOT CODED,00 NOT CODED,00 NOT CODED,00 NOT CODED,01 NO,1,0,1,1,0,0,1,1,N,N,N,Y,N,N,N,N,N,N,N,N,Y,N,Y,N,N,N,N,N,N,N,N,N,N,N,26.675930558,-80.063223431,593209.90083,2950884.501835,C,,ARBM15Q1R2,"February 27, 2022",1326548,-8912597.56056378,3083042.1822175845
2016866199420,2016,866199420,20160022213,COUNTY SHERIFF'S OFFICE,04 FOURTH,PALM BEACH,"December 9, 2016",0735,SATURDAY,9394 WEST PALM BEACH,0694,Y,OKEECHOBEE BLVD,PARKER AVE,0.014,E,0,0,26.7058203,-80.0612193,93280000,8.626,01766,SR 704,,R RIGHT,1 THRU LANE 1,E EAST,30 URBAN 6+LN 2WY DIVD RASD,03 STATE,01 NON-JUNCTION,01 ON ROADWAY,01 NOT AT INTERSECTION,03 CURB,36,"June 2, 2014",14 URBAN PRIN ART OTHER,46,CURB&GUTTER,2,CURB&GUTTER,2,,0,92,45000,RCI,2.8,,35,3 NO-INCAPACITATING INJURY,31 Q/C COMPLETED - LOC VERIFIED,0 NO,03 INFLUENCED BY INTERSECTION,01 DAYLIGHT,03 RAIN,02 WET,01 LEVEL,1 STRAIGHT,"TWO-WAY, DIVIDED, POSITIVE MED",,NO CONTROLS,NOT CODED,8,NONE,NOT CODED,NOT CODED,NONE,NOT CODED,NOT CODED,11 PEDALCYCLE,03 ANGLE,01 STRAIGHT AHEAD,FAILED TO YIELD RIGHT-OF-WAY,NOT CODED,00 NOT CODED,00 NOT CODED,00 NOT CODED,00 NOT CODED,01 NO,1,0,0,0,1,1,1,2,N,N,N,Y,N,N,N,N,N,N,N,N,N,Y,Y,N,N,N,N,N,N,N,N,N,N,N,26.705774446,-80.061255095,593381.432676,2954191.54829,R,,ARBM15Q1R2,"February 27, 2022",1327104,-8912378.446348794,3086760.614275756
2016866172000,2016,866172000,20160012372,COUNTY SHERIFF'S OFFICE,04 FOURTH,PALM BEACH,"July 7, 2016",2228,FRIDAY,9394 WEST PALM BEACH,0694,Y,45TH ST,PINEWOOD AVE,0.057,E,0,0,26.752976,-80.058789,93510000,3.263,,,,R RIGHT,1 THRU LANE 1,E EAST,,03 STATE,01 NON-JUNCTION,01 ON ROADWAY,01 NOT AT INTERSECTION,03 CURB,0,"December 31, 2000",,,,0,,0,,0,,,RCI,0,,,3 NO-INCAPACITATING INJURY,33 Q/C VERIFIED AS OFF-SYSTEM,1 ALC,01 NOT AT INTERSECTION/RRX/BRIDGE,04 DARK-LIGHTED,01 CLEAR,01 DRY,01 LEVEL,1 STRAIGHT,"TWO-WAY, NOT DIVIDED",,NO CONTROLS,NOT CODED,,NONE,NONE,NONE,NONE,NONE,NONE,11 PEDALCYCLE,77 OTHER (SEE NARRATIVE),01 STRAIGHT AHEAD,NO CONTRIBUTING ACTION,NOT CODED,00 NOT CODED,00 NOT CODED,00 NOT CODED,00 NOT CODED,01 NO,1,0,0,0,1,1,1,4,N,N,N,N,N,N,N,N,N,N,N,N,N,Y,Y,N,N,N,N,N,N,N,N,N,N,N,26.752975482,-80.058789028,593588.125066,2959421.528963,C,U,ARBM15Q1R2,"February 27, 2022",1327594,-8912103.92502699,3092643.6692759553