Crash Id,Calendar Year,FDOT Crash Number,Reporting Agency Case Number,Reporting Agency Type,FDOT Managing District,County Name,Crash Date,Crash Time,Day,DHSMV City,Crash Report City Code,In Town,On Roadway Name,Int Roadway Name,Reference Distance (Miles),Reference Direction,Officer Latitude,Officer Longitude,FDOT Latitude,FDOT Longitude,FDOT Roadway,Nearest Inventory MP,Nearest Node From Crash,State Road #,US Highway,Crash Side of Road,Accident Lane Number,Travel Direction Vehicle 1,FDOT Road Category,DHSMV Road System Id,Relation to Junction,Crash Harmful Event Location,Intersection Type,Shoulder Type,FDOT Roadway SKID Test Result,FDOT Roadway SKID Test Date,Functional Class,RCI Surface Width,RCI Shoulder Type First,RCI Shoulder Width First,RCI Shoulder Type Second,RCI Shoulder Width Second,RCI Shoulder Type Third,RCI Shoulder Width Third,RCI Median Width,Avg Daily Traffic,AADT Source,RCI Avg Per Truck Traffic,RCI Horiz Curve Condition,Posted Speed Limit,Highest Injury in Crash,CAR Status Code,Alcohols/Drug Involved,Site Location,Lighting,Weather,Road Surface,Roadway Grade,Roadway Alignment,Traffic Way Vehicle 1,Traffic Way Vehicle 2,Traffic Control Vehicle 1,Traffic Control Vehicle 2,Count of Lanes,Road Condition 1,Road Condition 2,Road Condition 3,Environment Condition 1,Environment Condition 2,Environment Condition 3,Crash Harmful Event,Manner of Collision,Vehicle Movement,Driver Action Vehicle 1,Driver Action Vehicle 2,Location Within Workzone,Type of Workzone,Workers Present in Workzone,Law Enforcement Present in Workzone,School Bus Related,Count of Nonfatal Injuries,Count of Traffic Fatalities,Count of Serious Injuries,Count of Pedestrians,Count of Drivers,Count of Bicyclists,Count of Vehicles,Count of Persons,Wrong Way,Workzone Inv,Commercial Vehicle Inv,Intersection Inv,Lane Departure,Speeding,Agressive Driving,Impaired Driver,Impaired Pedestrian,Impaired Bicyclist,Distracted Driver,Speeding or Aggressive Driving,Pedestrian Related,Bicyclist Related,Pedestrian or Bicyclist Related,Motorcycle Inv,No Belt,No Belt - Ages 1-4,No Belt - Ages 5-12,No Belt - Ages 13-17,Driver - Ages Teen,Driver - Ages 65 plus,Driver - Ages 65-69,Driver - Ages 70-74,Driver - Ages 75-79,Driver - Ages 80 plus,ARBM Latitude,ARBM Longitude,UTM Zone 17N X,UTM Zone 17N Y,ARBM Side of Road,Urban Rural Indicator,GIS Street Source,Extract Date,OBJECTID,x,y
2016862948830,2016,862948830,20160006974,COUNTY SHERIFF'S OFFICE,04 FOURTH,PALM BEACH,"April 15, 2016",1955,SATURDAY,9394 WEST PALM BEACH,0694,Y,S ROSEMARY AVE,HIBISCUS ST,0.036,N,0,0,26.709108,-80.057125,93000298,0.226,,,,R RIGHT,C CROSSWALK,0,,05 LOCAL,01 NON-JUNCTION,01 ON ROADWAY,01 NOT AT INTERSECTION,03 CURB,0,"December 31, 2000",,,,0,,0,,0,,,RCI,0,,,1 NO INJURY,33 Q/C VERIFIED AS OFF-SYSTEM,0 NO,01 NOT AT INTERSECTION/RRX/BRIDGE,04 DARK-LIGHTED,01 CLEAR,01 DRY,00 NOT CODED,0 NOT CODED,NOT CODED,,NOT CODED,NOT CODED,,NONE,NOT CODED,NOT CODED,NONE,NOT CODED,NOT CODED,10 PEDESTRIAN,77 OTHER (SEE NARRATIVE),00 NOT CODED,NOT CODED,NOT CODED,00 NOT CODED,00 NOT CODED,00 NOT CODED,00 NOT CODED,01 NO,0,0,0,1,0,0,1,1,N,N,N,N,N,N,N,N,N,N,N,N,Y,N,Y,N,N,N,N,N,N,N,N,N,N,N,26.709108018,-80.057125545,593789.509814,2954563.81854,C,U,ARBM15Q1R2,"February 27, 2022",1427461,-8911918.746822633,3087176.024726759
2016862945830,2016,862945830,20160005918,COUNTY SHERIFF'S OFFICE,04 FOURTH,PALM BEACH,"March 30, 2016",1944,THURSDAY,9394 WEST PALM BEACH,0694,Y,FOREST HILL BLVD,DIXIE HWY,0,,0,0,26.6550541,-80.0559501,93016000,9.233,00098,SR 882,,L LEFT,C CROSSWALK,W WEST,21 URBAN 4-5LN 2WY DIVD PAVD,03 STATE,02 INTERSECTION,01 ON ROADWAY,02 FOUR-WAY INTERSECTION,03 CURB,35,"March 31, 1998",17 URBAN MAJOR COLLECTOR,17,PAVED,1,RAISED CURB,0,,0,11,4900,RCI,3.2,,35,3 NO-INCAPACITATING INJURY,31 Q/C COMPLETED - LOC VERIFIED,0 NO,02 AT INTERSECTION,04 DARK-LIGHTED,01 CLEAR,01 DRY,01 LEVEL,1 STRAIGHT,"TWO-WAY, NOT DIVIDED",,NO CONTROLS,NOT CODED,4,NONE,NOT CODED,NOT CODED,NONE,NOT CODED,NOT CODED,11 PEDALCYCLE,77 OTHER (SEE NARRATIVE),01 STRAIGHT AHEAD,OTHER CONTRIBUTING ACTION,NOT CODED,00 NOT CODED,00 NOT CODED,00 NOT CODED,00 NOT CODED,01 NO,1,0,0,0,1,1,1,2,N,N,N,Y,N,N,N,N,N,N,N,N,N,Y,Y,N,N,N,N,N,Y,N,N,N,N,N,26.655053549,-80.05594272,593951.476446,2948577.440538,C,,ARBM15Q1R2,"February 27, 2022",1428016,-8911787.075196099,3080441.566888688
2016862944270,2016,862944270,20160005371,COUNTY SHERIFF'S OFFICE,04 FOURTH,PALM BEACH,"March 23, 2016",1429,THURSDAY,9394 WEST PALM BEACH,0694,Y,PARKER AVE,FLAMINGO DR,0,E,0,0,26.696377,-80.062335,93027501,0.403,,,,I INTERSECTION,M MIDDLE,N NORTH,,05 LOCAL,02 INTERSECTION,01 ON ROADWAY,02 FOUR-WAY INTERSECTION,03 CURB,0,"December 31, 2000",,,,0,,0,,0,,,RCI,0,,,3 NO-INCAPACITATING INJURY,33 Q/C VERIFIED AS OFF-SYSTEM,0 NO,02 AT INTERSECTION,01 DAYLIGHT,02 CLOUDY,01 DRY,01 LEVEL,1 STRAIGHT,"TWO-WAY, DIVIDED, UNPROTECTED",,NO CONTROLS,NOT CODED,,NONE,NONE,NONE,NONE,NONE,NONE,10 PEDESTRIAN,77 OTHER (SEE NARRATIVE),01 STRAIGHT AHEAD,NO CONTRIBUTING ACTION,NOT CODED,00 NOT CODED,00 NOT CODED,00 NOT CODED,00 NOT CODED,01 NO,1,0,0,1,1,0,1,2,N,N,N,Y,N,N,N,N,N,N,N,N,Y,N,Y,N,N,N,N,N,N,N,N,N,N,N,26.696377085,-80.062337237,593281.435977,2953149.872179,C,U,ARBM15Q1R2,"February 27, 2022",1428086,-8912498.909794576,3085589.634763382
2016862955100,2016,862955100,20160009132,COUNTY SHERIFF'S OFFICE,04 FOURTH,PALM BEACH,"May 17, 2016",1203,WEDNESDAY,9394 WEST PALM BEACH,0694,Y,MANOR AVE,SR 704,0.001,S,0,0,26.7062583,-80.084098,93280000,7.208,00886,SR 704,,S SIDE RD RIGHT,C CROSSWALK,N NORTH,30 URBAN 6+LN 2WY DIVD RASD,04 COUNTY,03 INTERSECTION-RELATED,10 ROADSIDE,03 T-INTERSECTION,03 CURB,31,"June 2, 2014",14 URBAN PRIN ART OTHER,43,PAVED,3,CURB&GUTTER,2,,0,31,47500,RCI,2.8,,45,3 NO-INCAPACITATING INJURY,31 Q/C COMPLETED - LOC VERIFIED,0 NO,02 AT INTERSECTION,01 DAYLIGHT,01 CLEAR,01 DRY,01 LEVEL,1 STRAIGHT,"TWO-WAY, DIVIDED, POSITIVE MED",,STOP SIGN,NOT CODED,8,NONE,NOT CODED,NOT CODED,NONE,NOT CODED,NOT CODED,11 PEDALCYCLE,77 OTHER (SEE NARRATIVE),13 STOPPED IN TRAFFIC,OTHER CONTRIBUTING ACTION,NOT CODED,00 NOT CODED,00 NOT CODED,00 NOT CODED,00 NOT CODED,01 NO,1,0,0,0,1,1,1,2,N,N,N,Y,N,N,N,N,N,N,N,N,N,Y,Y,N,N,N,N,N,N,N,N,N,N,N,26.706210681,-80.084165405,591101.969813,2954223.288715,R,,ARBM15Q1R2,"February 27, 2022",1429779,-8914928.811130095,3086814.974548136
2016862950220,2016,862950220,20160007487,COUNTY SHERIFF'S OFFICE,04 FOURTH,PALM BEACH,"April 23, 2016",1424,SUNDAY,9394 WEST PALM BEACH,0694,Y,NORTHLAKE BLVD,IBIS BLVD,0.286,E,0,0,26.810723,-80.169806,93680500,2.599,,,,R RIGHT,D DRIVEWAY,N NORTH,,04 COUNTY,01 NON-JUNCTION,10 ROADSIDE,03 T-INTERSECTION,02 UNPAVED,0,"December 31, 2000",,,,0,,0,,0,,,RCI,0,,,2 POSSIBLE INJURY,33 Q/C VERIFIED AS OFF-SYSTEM,0 NO,01 NOT AT INTERSECTION/RRX/BRIDGE,01 DAYLIGHT,01 CLEAR,01 DRY,01 LEVEL,1 STRAIGHT,"TWO-WAY, NOT DIVIDED",,STOP SIGN,NOT CODED,,NONE,NOT CODED,NOT CODED,NONE,NOT CODED,NOT CODED,10 PEDESTRIAN,77 OTHER (SEE NARRATIVE),05 TURNING RIGHT,FAILED TO YIELD RIGHT-OF-WAY,NOT CODED,00 NOT CODED,00 NOT CODED,00 NOT CODED,00 NOT CODED,01 NO,1,0,0,1,1,0,1,3,N,N,N,N,N,N,N,N,N,N,Y,N,Y,N,Y,N,N,N,N,N,N,N,N,N,N,N,26.810725909,-80.169805892,582507.043637,2965741.300461,R,R,ARBM15Q1R2,"February 27, 2022",1486333,-8924462.269664375,3099844.9062312227
2016862934620,2016,862934620,20160002016,COUNTY SHERIFF'S OFFICE,04 FOURTH,PALM BEACH,"February 1, 2016",0254,TUESDAY,9394 WEST PALM BEACH,0694,Y,PALM BEACH LAKES BLVD,MADEIRA CT,0.004,W,0,0,26.724484,-80.05438,93014501,0.748,,,,L LEFT,1 THRU LANE 1,W WEST,,04 COUNTY,01 NON-JUNCTION,01 ON ROADWAY,01 NOT AT INTERSECTION,03 CURB,0,"December 31, 2000",,,,0,,0,,0,,,RCI,0,,,4 INCAPACITATING INJURY,33 Q/C VERIFIED AS OFF-SYSTEM,0 NO,01 NOT AT INTERSECTION/RRX/BRIDGE,04 DARK-LIGHTED,01 CLEAR,01 DRY,01 LEVEL,1 STRAIGHT,"TWO-WAY, DIVIDED, POSITIVE MED",,NO CONTROLS,NOT CODED,,NONE,NOT CODED,NOT CODED,NONE,NOT CODED,NOT CODED,10 PEDESTRIAN,03 ANGLE,01 STRAIGHT AHEAD,NO CONTRIBUTING ACTION,NOT CODED,00 NOT CODED,00 NOT CODED,00 NOT CODED,00 NOT CODED,01 NO,1,0,1,1,1,0,1,2,N,N,N,N,Y,N,N,N,N,N,N,N,Y,N,Y,N,N,N,N,N,N,N,N,N,N,N,26.724485679,-80.05437998,594049.991733,2956269.130141,C,U,ARBM15Q1R2,"February 27, 2022",1486387,-8911613.111902568,3089092.4577181004
2016862939560,2016,862939560,20160003648,COUNTY SHERIFF'S OFFICE,04 FOURTH,PALM BEACH,"February 25, 2016",1924,FRIDAY,9394 WEST PALM BEACH,0694,Y,43RD ST,PINEWOOD AVE,0.019,E,0,0,26.751512,-80.059493,93A10663,0.04,,,,R RIGHT,S SIDE OF ROAD,W WEST,,05 LOCAL,01 NON-JUNCTION,10 ROADSIDE,01 NOT AT INTERSECTION,01 PAVED,0,"December 31, 2000",,,,0,,0,,0,,,RCI,0,,,3 NO-INCAPACITATING INJURY,33 Q/C VERIFIED AS OFF-SYSTEM,0 NO,01 NOT AT INTERSECTION/RRX/BRIDGE,03 DAWN,01 CLEAR,01 DRY,01 LEVEL,1 STRAIGHT,"TWO-WAY, NOT DIV, W/CONT LTURN","TWO-WAY, NOT DIVIDED",NO CONTROLS,NO CONTROLS,,NONE,NOT CODED,NOT CODED,NONE,NOT CODED,NOT CODED,14 MOTOR VEHICLE IN TRANSPORT,77 OTHER (SEE NARRATIVE),01 STRAIGHT AHEAD,NOT CODED,NO CONTRIBUTING ACTION,00 NOT CODED,00 NOT CODED,00 NOT CODED,00 NOT CODED,01 NO,1,0,0,1,1,0,3,2,N,N,N,N,Y,N,N,N,N,N,N,N,Y,N,Y,N,N,N,N,N,N,N,N,N,N,N,26.751513728,-80.05949292,593519.32709,2959259.101454,C,U,ARBM15Q1R2,"February 27, 2022",1486855,-8912182.282021588,3092461.4421954863
2016862959390,2016,862959390,20160010652,COUNTY SHERIFF'S OFFICE,04 FOURTH,PALM BEACH,"June 10, 2016",1342,SATURDAY,9394 WEST PALM BEACH,0694,Y,OKEECHOBEE BLVD,PALM BEACH LAKES BLVD,0.019,E,0,0,26.7066756,-80.1001076,93280000,6.219,01738,SR 704,,R RIGHT,3 THRU LANE 3,E EAST,30 URBAN 6+LN 2WY DIVD RASD,03 STATE,01 NON-JUNCTION,01 ON ROADWAY,01 NOT AT INTERSECTION,03 CURB,31,"June 2, 2014",14 URBAN PRIN ART OTHER,33,PAVED,3,CURB&GUTTER,2,,0,30,47500,RCI,2.8,,45,2 POSSIBLE INJURY,31 Q/C COMPLETED - LOC VERIFIED,0 NO,01 NOT AT INTERSECTION/RRX/BRIDGE,01 DAYLIGHT,02 CLOUDY,01 DRY,01 LEVEL,1 STRAIGHT,"TWO-WAY, DIVIDED, POSITIVE MED",,NO CONTROLS,NOT CODED,7,NONE,NONE,NONE,NONE,NONE,NONE,10 PEDESTRIAN,77 OTHER (SEE NARRATIVE),01 STRAIGHT AHEAD,NO CONTRIBUTING ACTION,NOT CODED,00 NOT CODED,00 NOT CODED,00 NOT CODED,00 NOT CODED,01 NO,1,0,0,1,1,0,1,2,N,N,N,N,N,N,N,N,N,N,N,N,Y,N,Y,N,N,N,N,N,N,N,N,N,N,N,26.70663896,-80.100198915,589506.633979,2954259.367559,R,,ARBM15Q1R2,"February 27, 2022",1488595,-8916713.653804788,3086868.3437463054
2016862957600,2016,862957600,20160009988,COUNTY SHERIFF'S OFFICE,04 FOURTH,PALM BEACH,"May 31, 2016",2150,WEDNESDAY,9394 WEST PALM BEACH,0694,Y,14TH ST,DOUGLAS AVE,0.027,W,0,0,26.726447,-80.060813,93A11172,0.123,,,,R RIGHT,1 THRU LANE 1,E EAST,,05 LOCAL,01 NON-JUNCTION,01 ON ROADWAY,01 NOT AT INTERSECTION,03 CURB,0,"December 31, 2000",,,,0,,0,,0,,,RCI,0,,,2 POSSIBLE INJURY,33 Q/C VERIFIED AS OFF-SYSTEM,0 NO,01 NOT AT INTERSECTION/RRX/BRIDGE,04 DARK-LIGHTED,01 CLEAR,01 DRY,03 UPHILL,1 STRAIGHT,"TWO-WAY, NOT DIVIDED",,NO CONTROLS,NOT CODED,,NONE,NOT CODED,NOT CODED,NONE,NOT CODED,NOT CODED,11 PEDALCYCLE,03 ANGLE,01 STRAIGHT AHEAD,NO CONTRIBUTING ACTION,NOT CODED,00 NOT CODED,00 NOT CODED,00 NOT CODED,00 NOT CODED,01 NO,1,0,0,0,1,1,1,2,N,N,N,N,N,N,N,N,N,N,N,N,N,Y,Y,N,N,N,N,N,N,N,N,N,N,N,26.726448911,-80.060812923,593408.542917,2956481.852096,C,U,ARBM15Q1R2,"February 27, 2022",1488658,-8912329.224052738,3089337.143215395
2016862933790,2016,862933790,20160001702,COUNTY SHERIFF'S OFFICE,04 FOURTH,PALM BEACH,"January 26, 2016",2030,WEDNESDAY,9394 WEST PALM BEACH,0694,Y,S ROSEMARY AVE,GARDENIA ST,0.007,S,0,0,26.709452,-80.057113,93000298,0.249,,,,R RIGHT,C CROSSWALK,N NORTH,,05 LOCAL,01 NON-JUNCTION,01 ON ROADWAY,03 T-INTERSECTION,03 CURB,0,"December 31, 2000",,,,0,,0,,0,,,RCI,0,,,2 POSSIBLE INJURY,33 Q/C VERIFIED AS OFF-SYSTEM,0 NO,01 NOT AT INTERSECTION/RRX/BRIDGE,04 DARK-LIGHTED,03 RAIN,02 WET,01 LEVEL,1 STRAIGHT,"TWO-WAY, NOT DIVIDED",,STOP SIGN,NOT CODED,,NONE,NOT CODED,NOT CODED,WEATHER CONDITIONS,NOT CODED,NOT CODED,10 PEDESTRIAN,77 OTHER (SEE NARRATIVE),01 STRAIGHT AHEAD,OPERATED MV IN CARLESS OR NEGL,NOT CODED,00 NOT CODED,00 NOT CODED,00 NOT CODED,00 NOT CODED,01 NO,1,0,0,1,1,0,1,3,N,N,N,N,N,N,N,N,N,N,N,N,Y,N,Y,N,N,N,N,N,N,Y,N,Y,N,N,26.70945194,-80.057111214,593790.653569,2954601.923104,C,U,ARBM15Q1R2,"February 27, 2022",1489208,-8911917.151522122,3087218.8829971775
2016862960220,2016,862960220,20160011016,COUNTY SHERIFF'S OFFICE,04 FOURTH,PALM BEACH,"June 16, 2016",1251,FRIDAY,9394 WEST PALM BEACH,0694,Y,N CONGRESS AVE,45TH ST,0.104,N,0,0,26.76046,-80.086325,93250500,5.095,,,,L LEFT,D DRIVEWAY,E EAST,,04 COUNTY,04 DRIVEWAY/ALLEY ACCESS RELATED,01 ON ROADWAY,01 NOT AT INTERSECTION,03 CURB,0,"December 31, 2000",,,,0,,0,,0,,,RCI,0,,,3 NO-INCAPACITATING INJURY,33 Q/C VERIFIED AS OFF-SYSTEM,0 NO,04 DRIVEWAY ACCESS,01 DAYLIGHT,02 CLOUDY,02 WET,01 LEVEL,1 STRAIGHT,"TWO-WAY, DIVIDED, POSITIVE MED",,STOP SIGN,NOT CODED,,NONE,NOT CODED,NOT CODED,NONE,NOT CODED,NOT CODED,10 PEDESTRIAN,03 ANGLE,05 TURNING RIGHT,OTHER CONTRIBUTING ACTION,NOT CODED,00 NOT CODED,00 NOT CODED,00 NOT CODED,00 NOT CODED,01 NO,1,0,0,1,1,0,1,2,N,N,N,N,N,N,N,N,N,N,N,N,Y,N,Y,N,N,N,N,N,N,N,N,N,N,N,26.760459906,-80.08632384,590844.142559,2960230.57999,L,U,ARBM15Q1R2,"February 27, 2022",1490216,-8915169.087185875,3093576.7390281297
2016862930780,2016,862930780,20160000580,COUNTY SHERIFF'S OFFICE,04 FOURTH,PALM BEACH,"January 9, 2016",0143,SUNDAY,9394 WEST PALM BEACH,0694,Y,OKEECHOBEE BLVD,I 95,0.009,E,0,0,26.7059804,-80.0754566,93280000,7.742,01755,SR 704,,L LEFT,1 THRU LANE 1,W WEST,30 URBAN 6+LN 2WY DIVD RASD,03 STATE,03 INTERSECTION-RELATED,01 ON ROADWAY,02 FOUR-WAY INTERSECTION,03 CURB,32,"June 2, 2014",14 URBAN PRIN ART OTHER,34,PAVED WARN,16,CURB&GUTTER,2,,0,21,66000,RCI,2.5,,45,4 INCAPACITATING INJURY,31 Q/C COMPLETED - LOC VERIFIED,1 ALC,06 BRIDGE,04 DARK-LIGHTED,03 RAIN,02 WET,01 LEVEL,1 STRAIGHT,"TWO-WAY, DIVIDED, POSITIVE MED","TWO-WAY, DIVIDED, POSITIVE MED",TRAFFIC CONTROL SIGNAL,TRAFFIC CONTROL SIGNAL,7,NONE,NOT CODED,NOT CODED,NONE,NOT CODED,NOT CODED,14 MOTOR VEHICLE IN TRANSPORT,01 FRONT TO REAR,01 STRAIGHT AHEAD,DROVE TOO FAST FOR CONDITIONS,NO CONTRIBUTING ACTION,00 NOT CODED,00 NOT CODED,00 NOT CODED,00 NOT CODED,01 NO,3,0,1,1,2,0,2,3,N,N,N,N,N,Y,N,Y,N,N,Y,Y,Y,N,Y,N,N,N,N,N,N,N,N,N,N,N,26.706108751,-80.075217158,591992.218165,2954218.424979,L,,ARBM15Q1R2,"February 27, 2022",1490845,-8913932.696474567,3086802.272775586
2016862945340,2016,862945340,20160005744,COUNTY SHERIFF'S OFFICE,04 FOURTH,PALM BEACH,"March 28, 2016",1732,TUESDAY,9394 WEST PALM BEACH,0694,Y,N AUSTRALIAN AVE,11TH CT,0.003,S,0,0,26.72376,-80.066706,93025500,1.158,,,,L LEFT,1 THRU LANE 1,N NORTH,,05 LOCAL,02 INTERSECTION,01 ON ROADWAY,01 NOT AT INTERSECTION,03 CURB,0,"December 31, 2000",,,,0,,0,,0,,,RCI,0,,,3 NO-INCAPACITATING INJURY,33 Q/C VERIFIED AS OFF-SYSTEM,0 NO,02 AT INTERSECTION,01 DAYLIGHT,03 RAIN,02 WET,01 LEVEL,1 STRAIGHT,"TWO-WAY, DIVIDED, POSITIVE MED",,NO CONTROLS,NOT CODED,,NONE,NOT CODED,NOT CODED,NONE,NOT CODED,NOT CODED,10 PEDESTRIAN,03 ANGLE,03 TURNING LEFT,NO CONTRIBUTING ACTION,NOT CODED,00 NOT CODED,00 NOT CODED,00 NOT CODED,00 NOT CODED,01 NO,1,0,0,1,1,0,1,2,N,N,N,Y,N,N,N,N,N,N,N,N,Y,N,Y,N,N,N,N,N,N,N,N,N,N,N,26.723760025,-80.066708024,592824.385722,2956179.711776,L,U,ARBM15Q1R2,"February 27, 2022",1491966,-8912985.463898566,3089002.0176781495
2016862953470,2016,862953470,20160008572,COUNTY SHERIFF'S OFFICE,04 FOURTH,PALM BEACH,"May 9, 2016",0803,TUESDAY,9394 WEST PALM BEACH,0694,Y,N TAMARIND AVE,15TH ST,0.006,N,0,0,26.727457,-80.06158,93027502,0.193,,,,R RIGHT,C CROSSWALK,E EAST,,05 LOCAL,02 INTERSECTION,01 ON ROADWAY,02 FOUR-WAY INTERSECTION,03 CURB,0,"December 31, 2000",,,,0,,0,,0,,,RCI,0,,,2 POSSIBLE INJURY,33 Q/C VERIFIED AS OFF-SYSTEM,0 NO,02 AT INTERSECTION,01 DAYLIGHT,01 CLEAR,01 DRY,01 LEVEL,1 STRAIGHT,"TWO-WAY, NOT DIVIDED",,NO CONTROLS,NOT CODED,,NONE,NONE,NONE,NONE,NONE,NONE,11 PEDALCYCLE,77 OTHER (SEE NARRATIVE),05 TURNING RIGHT,FAILED TO YIELD RIGHT-OF-WAY,NOT CODED,00 NOT CODED,00 NOT CODED,00 NOT CODED,00 NOT CODED,01 NO,1,0,0,0,1,1,1,3,N,N,N,Y,N,N,N,N,N,N,N,N,N,Y,Y,N,N,N,N,N,N,N,N,N,N,N,26.727456652,-80.061576691,593331.754623,2956592.913435,C,U,ARBM15Q1R2,"February 27, 2022",1491996,-8912414.24636389,3089462.7434925046
2016862936650,2016,862936650,20160002628,COUNTY SHERIFF'S OFFICE,04 FOURTH,PALM BEACH,"February 10, 2016",1821,THURSDAY,9394 WEST PALM BEACH,0694,Y,FORUM WAY,PALM BEACH LAKES BLVD,0.008,N,0,0,26.725283,-80.080397,93A05426,0.021,,,,L LEFT,C CROSSWALK,S SOUTH,,05 LOCAL,02 INTERSECTION,01 ON ROADWAY,02 FOUR-WAY INTERSECTION,01 PAVED,0,"December 31, 2000",,,,0,,0,,0,,,RCI,0,,,4 INCAPACITATING INJURY,33 Q/C VERIFIED AS OFF-SYSTEM,0 NO,02 AT INTERSECTION,04 DARK-LIGHTED,01 CLEAR,01 DRY,01 LEVEL,1 STRAIGHT,"TWO-WAY, DIVIDED, POSITIVE MED",,TRAFFIC CONTROL SIGNAL,NOT CODED,,NONE,NOT CODED,NOT CODED,NONE,NOT CODED,NOT CODED,11 PEDALCYCLE,03 ANGLE,05 TURNING RIGHT,IMPROPER TURN,NOT CODED,00 NOT CODED,00 NOT CODED,00 NOT CODED,00 NOT CODED,01 NO,1,0,1,0,1,1,1,2,N,N,N,Y,N,N,N,N,N,N,Y,N,N,Y,Y,N,N,N,N,N,N,N,N,N,N,N,26.725283107,-80.080395156,591461.787455,2956338.513787,L,U,ARBM15Q1R2,"February 27, 2022",1492087,-8914509.108790156,3089191.843892892
2016862951320,2016,862951320,20160007886,COUNTY SHERIFF'S OFFICE,04 FOURTH,PALM BEACH,"April 28, 2016",2159,FRIDAY,9394 WEST PALM BEACH,0694,Y,SPRUCE AVE,18TH ST,0.009,N,0,0,26.730093,-80.055007,93900016,0.472,,,,L LEFT,1 THRU LANE 1,S SOUTH,,05 LOCAL,01 NON-JUNCTION,01 ON ROADWAY,02 FOUR-WAY INTERSECTION,03 CURB,0,"December 31, 2000",,,,0,,0,,0,,,RCI,0,,,0 UNKNOWN/NOT CODED,33 Q/C VERIFIED AS OFF-SYSTEM,0 NO,01 NOT AT INTERSECTION/RRX/BRIDGE,04 DARK-LIGHTED,01 CLEAR,01 DRY,01 LEVEL,1 STRAIGHT,"TWO-WAY, NOT DIVIDED",,NO CONTROLS,NOT CODED,,NONE,NOT CODED,NOT CODED,NONE,NOT CODED,NOT CODED,11 PEDALCYCLE,03 ANGLE,88 UNKNOWN,NOT CODED,NOT CODED,00 NOT CODED,00 NOT CODED,00 NOT CODED,00 NOT CODED,01 NO,0,0,0,0,0,1,1,1,N,N,N,N,N,N,N,N,N,N,N,N,N,Y,Y,N,N,N,N,N,N,N,N,N,N,N,26.730092976,-80.055005145,593983.202871,2956889.755178,C,U,ARBM15Q1R2,"February 27, 2022",1492511,-8911682.70490431,3089791.328697326
2016862948920,2016,862948920,20160006982,COUNTY SHERIFF'S OFFICE,04 FOURTH,PALM BEACH,"April 15, 2016",2144,SATURDAY,9394 WEST PALM BEACH,0694,Y,PALM BEACH LAKES BLVD,US 1,0.001,E,0,0,26.7244003,-80.0519363,93020000,9.137,04510,SR 5,,S SIDE RD RIGHT,C CROSSWALK,S SOUTH,12 URBAN 2-3LN 2WY UNDIVD,05 LOCAL,02 INTERSECTION,01 ON ROADWAY,02 FOUR-WAY INTERSECTION,03 CURB,40,"June 5, 2011",17 URBAN MAJOR COLLECTOR,21,CURB&GUTTER,2,,0,,0,,2050,RCI,2.9,,30,5 FATAL(WITHIN 30 DAYS) INJURY,31 Q/C COMPLETED - LOC VERIFIED,0 NO,02 AT INTERSECTION,04 DARK-LIGHTED,03 RAIN,01 DRY,01 LEVEL,1 STRAIGHT,"TWO-WAY, NOT DIVIDED",,TRAFFIC CONTROL SIGNAL,NOT CODED,2,NONE,NONE,NONE,NONE,NONE,NONE,10 PEDESTRIAN,77 OTHER (SEE NARRATIVE),03 TURNING LEFT,NO CONTRIBUTING ACTION,NOT CODED,00 NOT CODED,00 NOT CODED,00 NOT CODED,00 NOT CODED,01 NO,0,1,0,1,1,0,1,2,N,N,Y,Y,N,N,N,N,N,N,N,N,Y,N,Y,N,N,N,N,N,N,N,N,N,N,N,26.724410956,-80.05178743,594307.918633,2956262.77017,C,,ARBM15Q1R2,"February 27, 2022",1492547,-8911324.51053335,3089083.1448461483
2016862930920,2016,862930920,20160000719,COUNTY SHERIFF'S OFFICE,04 FOURTH,PALM BEACH,"January 11, 2016",0900,TUESDAY,9394 WEST PALM BEACH,0694,Y,DIXIE HWY S,MONROE DR,0.002,N,0,0,26.6797828,-80.0546245,93050000,6.117,00601,SR 805,US 1,R RIGHT,C CROSSWALK,0,22 URBAN 4-5LN 2WY UNDIVD,02 U.S.,02 INTERSECTION,01 ON ROADWAY,02 FOUR-WAY INTERSECTION,03 CURB,36,"June 3, 2014",16 URBAN MINOR ART,44,PAVED,7,CURB&GUTTER,2,,0,,18000,RCI,3,,35,3 NO-INCAPACITATING INJURY,31 Q/C COMPLETED - LOC VERIFIED,0 NO,03 INFLUENCED BY INTERSECTION,01 DAYLIGHT,03 RAIN,02 WET,00 NOT CODED,0 NOT CODED,NOT CODED,,NOT CODED,NOT CODED,4,NONE,NOT CODED,NOT CODED,NONE,NOT CODED,NOT CODED,10 PEDESTRIAN,77 OTHER (SEE NARRATIVE),00 NOT CODED,NOT CODED,NOT CODED,00 NOT CODED,00 NOT CODED,00 NOT CODED,00 NOT CODED,01 NO,1,0,0,1,0,0,1,1,N,N,N,Y,N,N,N,N,N,N,N,N,Y,N,Y,N,N,N,N,N,N,N,N,N,N,N,26.679765912,-80.054615884,594063.256793,2951315.634251,C,,ARBM15Q1R2,"February 27, 2022",1492554,-8911639.372415155,3083519.9978957535
2016862948990,2016,862948990,20160007020,COUNTY SHERIFF'S OFFICE,04 FOURTH,PALM BEACH,"April 16, 2016",0958,SUNDAY,9394 WEST PALM BEACH,0694,Y,BRANDYWINE RD,VILLAGE BLVD,0.695,S,0,0,26.722085,-80.091883,93A11060,0.848,,,,L LEFT,D DRIVEWAY,N NORTH,,05 LOCAL,04 DRIVEWAY/ALLEY ACCESS RELATED,01 ON ROADWAY,77 OTHER (SEE NARRATIVE),03 CURB,0,"December 31, 2000",,,,0,,0,,0,,,RCI,0,,,3 NO-INCAPACITATING INJURY,33 Q/C VERIFIED AS OFF-SYSTEM,0 NO,04 DRIVEWAY ACCESS,01 DAYLIGHT,01 CLEAR,01 DRY,01 LEVEL,1 STRAIGHT,"TWO-WAY, NOT DIVIDED",,STOP SIGN,NOT CODED,,NONE,NOT CODED,NOT CODED,NONE,NOT CODED,NOT CODED,11 PEDALCYCLE,03 ANGLE,01 STRAIGHT AHEAD,FAILED TO YIELD RIGHT-OF-WAY,NOT CODED,00 NOT CODED,00 NOT CODED,00 NOT CODED,00 NOT CODED,01 NO,1,0,0,0,1,1,1,2,N,N,N,N,N,N,N,N,N,N,N,N,N,Y,Y,N,N,N,N,N,N,N,N,N,N,N,26.72208498,-80.091883084,590321.691651,2955976.082314,C,U,ARBM15Q1R2,"February 27, 2022",1492585,-8915787.939540835,3088793.2547190893